Fighter00,0,1,1,100,0,0,0,1,0,0,,Hat,,,,,Favorite,,,,,,,
Fighter01,1,2,2,140,0,0,0,5,0,0,,Hat,,,1,,Favorite,OrangeRed,YellowOcher,DeepGreen,DarkBlue,DeepViolet,White,DeepCyan
Fighter02,2,4,4,310,0,0,0,13,0,0,,Hat,,,1,,Favorite,Red,DeepGreen,DarkRed,DarkCyan,Gold,Brown,Black
Fighter03,3,9,9,1100,0,0,0,33,0,0,,Hat,,,,,Favorite,CoralRed,VeryLightViolet,Aquamarine,LimeGreen,DarkGray,Orange,Olive
Fighter04,4,13,13,2200,0,0,0,49,0,0,,Hat,,,,,Favorite,Green,StrongAzure,DeepMagenta,DeepPink,DeepYellow,Ivory,DarkGray
Fighter05,5,17,17,3700,0,0,0,67,0,0,,Hat,,,,,Favorite,Yellow,LimeGreen,Red,Fuchsia,DeepViolet,Gold,White
Fighter06,6,21,21,5500,0,0,0,84,0,0,,Hat,,,,,Favorite,OrangeRed,DeepYellow,Green,Blue,DeepPink,Brown,Black
Fighter07,7,27,27,9000,0,0,0,109,0,0,,Hat,,,,,Favorite,DeepGreen,StrongRed,Olive,StrongAzure,ikaOrange,BurlyWood,GrayishCyan
Fighter08,8,47,47,27000,0,0,0,199,0,0,,Hat,,,,,Favorite,DeepGreen,DeepCyan,Brown,Olive,Black,LightGreen,DeepViolet
Fighter09,9,35,35,15000,0,0,0,145,0,0,,Hat,,,,,Favorite,DarkBlue,Brown,DeepViolet,DeepMagenta,Black,DeepGreen,DeepYellow
Fighter10,10,44,44,23000,0,0,0,185,0,0,,Hat,,,,,Favorite,DeepCyan,DeepMagenta,Olive,Ivory,DarkBlue,Brown,Black
Fighter11,11,23,23,6600,0,0,0,92,0,0,,Hat,,,,,Favorite,DeepYellow,DeepGreen,StrongAzure,Pink,DeepViolet,White,Black
Fighter12,12,50,50,30000,0,0,0,213,0,0,,HeadGear,,,,,Favorite,Yellow,Green,Blue,Pink,Violet,White,Black
Fighter13,13,19,19,4600,0,0,0,75,0,0,,Hat,,,,,Favorite,Yellow,Green,Blue,DeepPink,Violet,White,Black
Fighter14,14,11,11,1600,0,0,0,41,0,0,,Hat,1,,,,Favorite,Gray,Brown,ikaOrange,DeepGreen,DeepCyan,DeepMagenta,StrongRed
Fighter15,15,14,14,2500,0,0,0,54,0,0,,Hat,,,,,Favorite,SkyBlue,Yellow,EmeraldGreen,Violet,Orange,Aquamarine,PaleYellow
Fighter16,16,3,3,210,0,0,0,9,0,0,,Hat,,,,,Favorite,Fuchsia,LimeGreen,SkyBlue,OrangeRed,Brown,White,Black
Fighter17,17,5,5,430,0,0,0,17,0,0,,HeadGear,,,,,Favorite,CoralRed,PaleOrange,LightGreen,VeryLightBlue,Pink,Aquamarine,VeryLightViolet
Fighter18,18,0,0,50,0,0,0,0,0,0,Rare,Hat,,,,,Favorite,StrongRed,YellowOcher,DeepGreen,StrongAzure,DeepViolet,BurlyWood,Black
Fighter19,19,8,8,920,0,0,0,29,0,0,,HeadGear,,,,,Favorite,OrangeRed,DeepYellow,Green,Blue,Violet,DeepPink,Aquamarine
Fighter20,20,7,7,730,0,0,0,25,0,0,,Hat,,,,,Favorite,StrongRed,Olive,StrongAzure,DeepViolet,DeepGreen,DarkGamboge,Black
Fighter21,21,25,25,7800,0,0,0,101,0,0,,HeadGear,,,,,Favorite,Aquamarine,LightGreen,Yellow,VeryLightViolet,Orange,CoralRed,PaleTurquoise
Fighter22,22,33,33,13000,0,0,0,136,0,0,,Hat,,,,,Favorite,Yellow,LimeGreen,Red,Fuchsia,DeepViolet,Gold,White
Fighter23,23,15,15,2900,0,0,0,59,0,0,,HeadGear,,,,,Favorite,EmeraldGreen,Violet,DeepPink,YellowGreen,Aquamarine,BlueViolet,Gray
Fighter24,24,41,41,20000,0,0,0,171,0,0,,HeadGear,,,,,Favorite,DarkBlue,Gold,Green,Violet,Black,PaleYellow,SteelBlue
Fighter25,25,6,6,570,0,0,0,21,0,0,,Hat,,,,,Favorite,DeepGreen,StrongRed,Gold,DeepViolet,DarkGamboge,Black,DeepCyan
Fighter26,26,10,10,1300,0,0,0,38,0,0,,HeadGear,,,,,Favorite,OrangeRed,Green,Blue,Violet,Gold,Brown,DarkGray
Fighter27,27,29,29,10000,0,0,0,118,0,0,,HeadGear,,,,,Favorite,StrongRed,Orange,Olive,Blue,DarkGray,Brown,DarkBlue
Fighter28,28,31,31,11000,0,0,0,127,0,0,,HeadGear,,,,,Favorite,Red,DeepMagenta,Green,DarkCyan,DeepYellow,DarkGamboge,LightGray
Fighter29,29,12,12,1900,0,0,0,46,0,0,,HeadGear,,,,,Favorite,Olive,StrongRed,SteelBlue,BurlyWood,White,Black,Pink
Fighter30,30,38,38,17000,0,0,0,158,0,0,,HeadGear,,,,,Favorite,Red,EmeraldGreen,DeepPink,VividAzure,Black,Violet,Gold
Fighter31,-1,-1,0,0,0,0,0,0,0,0,,Normal,,,,,Favorite,,,,,,,
Wizard00,0,1,1,100,0,0,0,1,0,0,,Hat,,,,,Favorite,,,,,,,
Wizard01,1,2,2,140,0,0,0,4,0,0,,Hat,,,,,Favorite,VeryLightViolet,Yellow,Orange,Brown,CoralRed,VeryLightBlue,DarkGray
Wizard02,2,6,6,570,0,0,0,16,0,0,,Hat,,,,,Favorite,OrangeRed,Green,DarkBlue,DeepMagenta,Black,Brown,DeepYellow
Wizard03,3,9,9,1100,0,0,0,26,0,0,,Hat,,,,,Favorite,YellowOcher,Orange,SteelBlue,BlueViolet,CoralRed,Brown,Gray
Wizard04,4,3,3,210,0,0,0,7,0,0,,Hat,,,,,Favorite,LimeGreen,SkyBlue,DeepPink,Red,White,DarkBlue,Orange
Wizard05,5,21,21,5500,0,0,0,66,0,0,,Hat,,,,,Favorite,VeryLightViolet,Pink,SkyBlue,YellowGreen,Orange,PaleYellow,White
Wizard06,6,27,27,9000,0,0,0,86,0,0,,Hat,,,,,Favorite,White,Magenta,YellowOcher,EmeraldGreen,Red,VividAzure,DarkRed
Wizard07,7,38,38,17000,0,0,0,123,0,0,,Hat,,,,,Favorite,DarkRed,DeepGreen,DarkBlue,DeepViolet,DarkGamboge,PaleYellow,StrongAzure
Wizard08,8,44,44,23000,0,0,0,145,0,0,,Hat,,,,,Favorite,DeepReddishBrown,DarkCyan,DarkBlue,DeepGreen,Black,DarkGamboge,ikaOrange
Wizard09,9,47,47,27000,0,0,0,156,0,0,,Hat,,,,,Favorite,OrangeRed,Green,VividAzure,Violet,Fuchsia,Brown,DarkRed
Wizard10,10,15,15,2900,0,0,0,46,0,0,,Hat,,,,,Favorite,Olive,StrongRed,StrongAzure,Gray,DeepMagenta,DarkCyan,Ivory
Wizard11,11,23,23,6600,0,0,0,72,0,0,,Hat,,,,,Favorite,DeepYellow,DeepGreen,StrongAzure,Pink,DeepViolet,White,Black
Wizard12,12,50,50,30000,0,0,0,167,0,0,,Hat,,,,,Favorite,Yellow,Green,Blue,Pink,Violet,White,Black
Wizard13,13,19,19,4600,0,0,0,59,0,0,,Hat,,,,,Favorite,Yellow,Green,Blue,DeepPink,Violet,White,Black
Wizard14,14,11,11,1600,0,0,0,32,0,0,,Hat,1,,,,Favorite,Gray,Brown,ikaOrange,DeepGreen,DeepCyan,DeepMagenta,StrongRed
Wizard15,15,14,14,2500,0,0,0,42,0,0,,Hat,,,,,Favorite,SkyBlue,Yellow,EmeraldGreen,Violet,Orange,Aquamarine,PaleYellow
Wizard16,16,35,35,15000,0,0,0,113,0,0,,Hat,,,,,Favorite,DeepViolet,DarkBlue,StrongRed,White,DeepGreen,DarkGamboge,YellowOcher
Wizard17,17,5,5,430,0,0,0,14,0,0,,Hat,,,,,Favorite,CoralRed,PaleOrange,LightGreen,VeryLightBlue,Pink,Aquamarine,VeryLightViolet
Wizard18,18,0,0,50,0,0,0,0,0,0,Rare,Hat,,,,,Favorite,StrongRed,YellowOcher,DeepGreen,StrongAzure,DeepViolet,BurlyWood,Black
Wizard19,19,8,8,920,0,0,0,23,0,0,,Hat,,,,,Favorite,OrangeRed,DeepYellow,Green,Blue,Violet,DeepPink,Aquamarine
Wizard20,20,17,17,3700,0,0,0,52,0,0,,Hat,,,,,Favorite,Green,YellowOcher,Red,DarkCyan,DeepMagenta,Brown,Black
Wizard21,21,7,7,730,0,0,0,20,0,0,,Hat,,,,,Favorite,Green,DeepPink,Violet,DeepMagenta,OrangeRed,Brown,Black
Wizard22,22,25,25,7800,0,0,0,79,0,0,,Hat,,,,,Favorite,DeepViolet,DarkBlue,StrongRed,White,DeepGreen,DarkGamboge,YellowOcher
Wizard23,23,10,10,1300,0,0,0,30,0,0,,Hat,,,,,Favorite,DarkGray,Blue,Cyan,Green,Red,Pink,Yellow
Wizard24,24,4,4,310,0,0,0,10,0,0,,Hat,,,,,Favorite,EmeraldGreen,Violet,Yellow,Blue,SkyBlue,DeepPink,Black
Wizard25,25,13,13,2200,0,0,0,39,0,0,,Hat,,,,,Favorite,YellowGreen,Red,Brown,DarkBlue,DeepCyan,Black,OrangeRed
Wizard26,26,41,41,20000,0,0,0,134,0,0,,Hat,,,,,Favorite,DeepMagenta,EmeraldGreen,Gold,Black,DeepCyan,White,DarkRed
Wizard27,27,29,29,10000,0,0,0,93,0,0,,Hat,,,,,Favorite,StrongRed,YellowOcher,Green,StrongAzure,Pink,Brown,DeepReddishBrown
Wizard28,28,32,32,12000,0,0,0,103,0,0,,Hat,,,,,Favorite,LightOlive,Red,VividAzure,Black,White,Gold,Fuchsia
Wizard29,29,12,12,1900,0,0,0,36,0,0,,Hat,,,,,Favorite,Blue,Aquamarine,Fuchsia,DeepYellow,Green,Black,Red
Wizard30,-1,-1,0,0,0,0,0,0,0,0,,Normal,,,,,Favorite,,,,,,,
Wizard31,-1,-1,0,0,0,0,0,0,0,0,,Normal,,,,,Favorite,,,,,,,
Priest00,0,1,1,100,0,0,0,1,0,0,,Hat,,,,,Favorite,,,,,,,
Priest01,1,2,2,140,0,0,0,3,0,0,,Hat,,,,,Favorite,Orange,EmeraldGreen,SkyBlue,Fuchsia,Yellow,Brown,Red
Priest02,2,6,6,570,0,0,0,14,0,0,,Hat,,,,,Favorite,Green,OrangeRed,DeepYellow,Blue,DeepPink,StrongRed,DarkBlue
Priest03,3,12,12,1900,0,0,0,32,0,0,,Hat,,,,,Favorite,DeepGreen,StrongAzure,YellowOcher,DeepMagenta,StrongRed,LightOlive,Aquamarine
Priest04,4,14,14,2500,0,0,0,38,0,0,,Hat,,,,,Favorite,Yellow,LightGreen,GrayishCyan,VeryLightViolet,Pink,Turquoise,Gold
Priest05,5,44,44,23000,0,0,0,129,0,0,,Hat,,,,,Favorite,Yellow,Red,LightGreen,Blue,DeepMagenta,DarkGamboge,Black
Priest06,6,21,21,5500,0,0,0,58,0,0,,Hat,,,,,Favorite,DeepCyan,OrangeRed,Violet,Blue,EmeraldGreen,DeepYellow,Red
Priest07,7,13,13,2200,0,0,0,34,0,0,,Hat,,,,,Favorite,DeepMagenta,DarkRed,StrongAzure,Gold,LimeGreen,Gray,Ivory
Priest08,8,27,27,9000,0,0,0,76,0,0,,Hat,,,,,Favorite,Green,SteelBlue,BlueViolet,DeepPink,Gold,Orange,Turquoise
Priest09,9,38,38,17000,0,0,0,110,0,0,,Hat,,,,,Favorite,DeepYellow,Green,Blue,DeepViolet,Fuchsia,Brown,Black
Priest10,10,32,32,12000,0,0,0,91,0,0,,Hat,,,,,Favorite,DeepPink,Orange,DarkBlue,EmeraldGreen,Gold,Red,Violet
Priest11,11,23,23,6600,0,0,0,64,0,0,,Hat,,,,,Favorite,DeepYellow,DeepGreen,StrongAzure,Pink,DeepViolet,White,Black
Priest12,12,50,50,30000,0,0,0,148,0,0,,Hat,,,,,Favorite,Yellow,Green,Blue,Pink,Violet,White,Black
Priest13,13,19,19,4600,0,0,0,52,0,0,,Hat,,,,,Favorite,Yellow,Green,Blue,DeepPink,Violet,White,Black
Priest14,14,11,11,1600,0,0,0,29,0,0,,Hat,1,,,,Favorite,Gray,Brown,ikaOrange,DeepGreen,DeepCyan,DeepMagenta,StrongRed
Priest15,15,15,15,2900,0,0,0,41,0,0,,Hat,,,,,Favorite,SkyBlue,Yellow,EmeraldGreen,Violet,Orange,Aquamarine,PaleYellow
Priest16,16,7,7,730,0,0,0,18,0,0,,Hat,,,,,Favorite,Black,DeepPink,DeepYellow,DeepCyan,EmeraldGreen,Violet,Gray
Priest17,17,5,5,430,0,0,0,12,0,0,,Hat,,,,,Favorite,CoralRed,PaleOrange,LightGreen,VeryLightBlue,Pink,Aquamarine,VeryLightViolet
Priest18,18,0,0,50,0,0,0,0,0,0,Rare,Hat,,,,,Favorite,StrongRed,YellowOcher,DeepGreen,StrongAzure,DeepViolet,BurlyWood,Black
Priest19,19,8,8,920,0,0,0,20,0,0,,Hat,,,,,Favorite,OrangeRed,DeepYellow,Green,Blue,Violet,DeepPink,Aquamarine
Priest20,20,47,47,27000,0,0,0,138,0,0,,Hat,,,,,Favorite,Orange,YellowOcher,VividAzure,BlueViolet,Pink,BurlyWood,Green
Priest21,21,3,3,210,0,0,0,6,0,0,,Hat,,,,,Favorite,Orange,Yellow,LimeGreen,VividAzure,Violet,PaleYellow,Gray
Priest22,22,9,9,1100,0,0,0,23,0,0,,Hat,,,,,Favorite,Black,DarkBlue,Red,DeepYellow,Green,Violet,DeepPink
Priest23,23,25,25,7800,0,0,0,70,0,0,,Hat,,,,,Favorite,OrangeRed,DeepCyan,DeepGreen,DeepYellow,DeepViolet,DeepPink,DarkBlue
Priest24,24,10,10,1300,0,0,0,26,0,0,,Hat,,,,,Favorite,DarkRed,LightGreen,Brown,Black,,,
Priest25,25,41,41,20000,0,0,0,119,0,0,,Hat,,,,,Favorite,LightGray,Orange,DeepCyan,GrayishViolet,Pink,ikaLimeGreen,Brown
Priest26,26,4,4,310,0,0,0,9,0,0,,Hat,,,,,Favorite,Black,DarkBlue,Blue,Green,YellowOcher,DeepPink,DarkGamboge
Priest27,27,35,35,15000,0,0,0,101,0,0,,Hat,,,,,Favorite,StrongAzure,Green,Gold,DeepMagenta,Red,Fuchsia,OrangeRed
Priest28,28,17,17,3700,0,0,0,46,0,0,,Hat,,,,,Favorite,LimeGreen,VividAzure,Aquamarine,Violet,Ivory,Fuchsia,DarkCyan
Priest29,29,29,29,10000,0,0,0,82,0,0,,Hat,,,,,Favorite,StrongRed,YellowOcher,Green,StrongAzure,Pink,Brown,DeepReddishBrown
Priest30,-1,-1,0,0,0,0,0,0,0,0,,Normal,,,,,Favorite,,,,,,,
Priest31,-1,-1,0,0,0,0,0,0,0,0,,Normal,,,,,Favorite,,,,,,,
Thief00,0,1,1,100,0,0,0,1,0,0,,Hat,,,,,Favorite,,,,,,,
Thief01,1,2,2,140,0,0,0,4,0,0,,Hat,,,,,Favorite,Green,Blue,DarkBlue,DeepMagenta,DeepPink,StrongRed,OrangeRed
Thief02,2,12,12,1900,0,0,0,45,0,0,,Hat,,,,,Favorite,YellowOcher,PaleOrange,DeepReddishBrown,DeepGreen,DarkCyan,BlueViolet,OrangeRed
Thief03,3,9,9,1100,0,0,0,32,0,0,,Hat,,,,,Favorite,Yellow,LimeGreen,DeepCyan,DeepMagenta,Brown,PaleYellow,DarkGray
Thief04,4,15,15,2900,0,0,0,57,0,0,,Hat,,,,,Favorite,DeepYellow,DarkBlue,Red,Violet,DarkGamboge,Gray,Black
Thief05,5,10,10,1300,0,0,0,37,0,0,,Hat,,,,,Favorite,VividAzure,Red,Orange,DeepYellow,Green,Violet,DeepPink
Thief06,6,6,6,570,0,0,0,20,0,0,,Hat,,,,,Favorite,VividAzure,DeepMagenta,Gold,EmeraldGreen,Aquamarine,Red,DeepPink
Thief07,7,32,32,12000,0,0,0,128,0,0,,Hat,,,,,Favorite,Red,LimeGreen,Blue,Violet,DeepPink,OrangeRed,Gray
Thief08,8,27,27,9000,0,0,0,106,0,0,,Hat,,,,,Favorite,Black,DeepYellow,Red,StrongAzure,Green,Brown,DarkRed
Thief09,9,38,38,17000,0,0,0,153,0,0,,Hat,,,,,Favorite,OrangeRed,Gold,Green,DeepCyan,StrongAzure,DeepViolet,Red
Thief10,10,21,21,5500,0,0,0,82,0,0,,Hat,,,,,Favorite,Orange,Yellow,EmeraldGreen,Blue,Violet,Fuchsia,White
Thief11,11,23,23,6600,0,0,0,90,0,0,,Hat,,,,,Favorite,DeepYellow,DeepGreen,StrongAzure,Pink,DeepViolet,White,Black
Thief12,12,50,50,30000,0,0,0,207,0,0,,Hat,,,,,Favorite,Yellow,Green,Blue,Pink,Violet,White,Black
Thief13,13,19,19,4600,0,0,0,73,0,0,,Hat,,,,,Favorite,Yellow,Green,Blue,DeepPink,Violet,White,Black
Thief14,14,11,11,1600,0,0,0,40,0,0,,Hat,1,,,,Favorite,Gray,Brown,ikaOrange,DeepGreen,DeepCyan,DeepMagenta,StrongRed
Thief15,15,14,14,2500,0,0,0,53,0,0,,Hat,,,,,Favorite,SkyBlue,Yellow,EmeraldGreen,Violet,Orange,Aquamarine,PaleYellow
Thief16,16,25,25,7800,0,0,0,99,0,0,,Hat,,,,,Favorite,Ivory,LightGreen,SkyBlue,Fuchsia,Yellow,StrongAzure,DeepViolet
Thief17,17,5,5,430,0,0,0,17,0,0,,Hat,,,,,Favorite,CoralRed,PaleOrange,LightGreen,VeryLightBlue,Pink,Aquamarine,VeryLightViolet
Thief18,18,0,0,50,0,0,0,0,0,0,Rare,Hat,,,,,Favorite,StrongRed,YellowOcher,DeepGreen,StrongAzure,DeepViolet,BurlyWood,Black
Thief19,19,8,8,920,0,0,0,28,0,0,,Hat,,,,,Favorite,OrangeRed,DeepYellow,Green,Blue,Violet,DeepPink,Aquamarine
Thief20,20,13,13,2200,0,0,0,48,0,0,,Hat,,,,,Favorite,Red,OrangeRed,DeepYellow,LimeGreen,Blue,Violet,DeepPink
Thief21,21,29,29,10000,0,0,0,115,0,0,,Hat,,,,,Favorite,White,Red,OrangeRed,Gold,Green,DarkBlue,DeepMagenta
Thief22,22,7,7,730,0,0,0,25,0,0,,Hat,,,,,Favorite,DeepCyan,Orange,Red,Yellow,Green,Violet,DeepPink
Thief23,23,4,4,310,0,0,0,12,0,0,,Hat,,,,,Favorite,PaleYellow,Orange,Red,EmeraldGreen,DeepCyan,Violet,DeepPink
Thief24,24,44,44,23000,0,0,0,180,0,0,,Hat,,,,,Favorite,Red,Yellow,SkyBlue,DarkBlue,Fuchsia,Violet,White
Thief25,25,17,17,3700,0,0,0,65,0,0,,Hat,,,,,Favorite,EmeraldGreen,Cyan,Violet,Ivory,Yellow,Orange,DeepReddishBrown
Thief26,26,47,47,27000,0,0,0,194,0,0,,Hat,,,,,Favorite,StrongRed,DeepGreen,DeepViolet,DeepPink,Brown,Gold,OrangeRed
Thief27,27,41,41,20000,0,0,0,167,0,0,,Hat,,,,,Favorite,PaleOrange,LightOlive,GrayishCyan,GrayishViolet,BurlyWood,CoralRed,Black
Thief28,28,35,35,15000,0,0,0,141,0,0,,Hat,,,,,Favorite,Orange,DeepYellow,Green,Blue,Violet,Pink,Brown
Thief29,29,3,3,210,0,0,0,9,0,0,,Hat,,,,,Favorite,Red,OrangeRed,DeepYellow,DarkBlue,Brown,Black,DeepCyan
Thief30,-1,-1,0,0,0,0,0,0,0,0,,Normal,,,,,Favorite,,,,,,,
Thief31,-1,-1,0,0,0,0,0,0,0,0,,Normal,,,,,Favorite,,,,,,,
IdolM00,0,1,1,100,0,0,0,1,0,0,,Hat,1,,,,Favorite,,,,,,,
IdolM01,1,24,24,7200,0,0,0,74,0,0,,Hat,,,,,Favorite,DeepYellow,DeepGreen,StrongAzure,Pink,DeepViolet,White,Black
IdolM02,2,50,50,30000,0,0,0,163,0,0,,Hat,,,,,Favorite,Yellow,Green,Blue,Pink,Violet,White,Black
IdolM03,3,32,32,12000,0,0,0,100,0,0,,Hat,,,,,Favorite,Yellow,Green,Blue,DeepPink,Violet,White,Black
IdolM04,4,9,9,1100,0,0,0,26,0,0,,Hat,1,,,,Favorite,Gray,Brown,ikaOrange,DeepGreen,DeepCyan,DeepMagenta,StrongRed
IdolM05,5,11,11,1600,0,0,0,32,0,0,,Hat,,,,,Favorite,SkyBlue,Yellow,EmeraldGreen,Violet,Orange,Aquamarine,PaleYellow
IdolM06,6,44,44,23000,0,0,0,142,0,0,,Hat,,,,,Favorite,CoralRed,DeepYellow,EmeraldGreen,Violet,DeepPink,Gray,Gold
IdolM07,7,5,5,430,0,0,0,13,0,0,,Hat,,,,,Favorite,CoralRed,PaleOrange,LightGreen,VeryLightBlue,Pink,Aquamarine,VeryLightViolet
IdolM08,8,0,0,50,0,0,0,0,0,0,Rare,Hat,1,,,,Favorite,StrongRed,YellowOcher,DeepGreen,StrongAzure,DeepViolet,BurlyWood,Black
IdolM09,9,37,37,16000,0,0,0,117,0,0,,Hat,,,,,Favorite,OrangeRed,DeepYellow,Green,Blue,Violet,DeepPink,Aquamarine
IdolM10,10,20,20,5000,0,0,0,61,0,0,,Hat,,,,,Favorite,StrongRed,DeepYellow,EmeraldGreen,StrongAzure,Pink,White,Black
IdolM11,11,3,3,210,0,0,0,7,0,0,,Hat,,,,,Favorite,StrongRed,DeepYellow,DeepGreen,DeepViolet,DeepPink,Brown,Black
IdolM12,12,7,7,730,0,0,0,19,0,0,,Hat,1,,,,Favorite,Red,Yellow,Green,VividAzure,Pink,White,DeepViolet
IdolM13,13,17,17,3700,0,0,0,51,0,0,,Hat,,,,,Favorite,CoralRed,VeryLightViolet,LightGreen,LightSkyBlue,VeryPaleViolet,LightGray,Black
IdolM14,14,14,14,2500,0,0,0,41,0,0,,Hat,,,,,Favorite,Orange,Yellow,EmeraldGreen,Blue,DeepPink,White,Black
IdolM15,15,28,28,9700,0,0,0,87,0,0,,Hat,,,,,Favorite,StrongRed,DeepYellow,DeepGreen,DeepViolet,DeepPink,DeepReddishBrown,Black
IdolF00,0,1,1,100,0,0,0,1,0,0,,Ribbon,,,,,Favorite,,,,,,,
IdolF01,1,24,24,7200,0,0,0,74,0,0,,Ribbon,,,,,Favorite,DeepYellow,DeepGreen,StrongAzure,Pink,DeepViolet,White,Black
IdolF02,2,50,50,30000,0,0,0,163,0,0,,Ribbon,,,,,Favorite,Yellow,Green,Blue,Pink,Violet,White,Black
IdolF03,3,32,32,12000,0,0,0,100,0,0,,Ribbon,,,,,Favorite,Yellow,Green,Blue,DeepPink,Violet,White,Black
IdolF04,4,9,9,1100,0,0,0,26,0,0,,Ribbon,,,,,Favorite,Gray,Brown,ikaOrange,DeepGreen,DeepCyan,DeepMagenta,StrongRed
IdolF05,5,11,11,1600,0,0,0,32,0,0,,Ribbon,,,,,Favorite,SkyBlue,Yellow,EmeraldGreen,Violet,Orange,Aquamarine,PaleYellow
IdolF06,6,3,3,210,0,0,0,7,0,0,,Ribbon,,,,,Favorite,Orange,Yellow,Green,Blue,DeepPink,DeepViolet,DeepMagenta
IdolF07,7,5,5,430,0,0,0,13,0,0,,Ribbon,,,,,Favorite,CoralRed,PaleOrange,LightGreen,VeryLightBlue,Pink,Aquamarine,VeryLightViolet
IdolF08,8,0,0,50,0,0,0,0,0,0,Rare,Ribbon,,,,,Favorite,StrongRed,YellowOcher,DeepGreen,StrongAzure,DeepViolet,BurlyWood,Black
IdolF09,9,37,37,16000,0,0,0,117,0,0,,Ribbon,,,,,Favorite,OrangeRed,DeepYellow,Green,Blue,Violet,DeepPink,Aquamarine
IdolF10,10,28,28,9700,0,0,0,87,0,0,,Ribbon,,,,,Favorite,Orange,DeepYellow,DeepGreen,StrongAzure,DeepPink,DeepCyan,DeepViolet
IdolF11,11,14,14,2500,0,0,0,41,0,0,,Ribbon,,,,,Favorite,Red,Yellow,LightGreen,SkyBlue,DeepPink,Cyan,LightGray
IdolF12,12,20,20,5000,0,0,0,61,0,0,,Ribbon,,,,,Favorite,CoralRed,PaleYellow,PaleOrange,LightSkyBlue,Pink,VeryLightViolet,VeryPaleViolet
IdolF13,13,17,17,3700,0,0,0,51,0,0,,Ribbon,,,,,Favorite,Red,Yellow,Green,Blue,Orange,VividAzure,Violet
IdolF14,14,7,7,730,0,0,0,19,0,0,,Ribbon,,,,,Favorite,Orange,Yellow,Green,VividAzure,Pink,BlueViolet,DeepMagenta
IdolF15,15,44,44,23000,0,0,0,142,0,0,,Ribbon,,,,,Favorite,CoralRed,PaleYellow,LightGreen,LightSkyBlue,VeryLightViolet,White,PaleOrange
Vampire00,0,1,1,100,0,0,0,1,0,0,,Hat,,,,,Favorite,,,,,,,
Vampire01,1,2,2,140,0,0,0,4,0,0,,SideR,,,,,Favorite,Yellow,DeepGreen,DarkBlue,DeepPink,DeepMagenta,White,Black
Vampire02,2,6,6,570,0,0,0,19,0,0,,Hat,,,,,Favorite,Yellow,Green,VividAzure,BlueViolet,Pink,Gray,Black
Vampire03,3,9,9,1100,0,0,0,30,0,0,,Hat,,,,,Favorite,OrangeRed,Green,DarkBlue,DeepMagenta,Black,Brown,DeepYellow
Vampire04,4,12,12,1900,0,0,0,42,0,0,,Hat,,,,,Favorite,StrongRed,Yellow,DeepGreen,StrongAzure,DeepPink,DarkGamboge,BlueViolet
Vampire05,5,15,15,2900,0,0,0,54,0,0,,SideR,,,,,Favorite,CoralRed,PaleYellow,LimeGreen,LightSkyBlue,DarkBlue,White,Black
Vampire06,6,21,21,5500,0,0,0,77,0,0,,SideR,,,,,Favorite,OrangeRed,Yellow,Green,Blue,Pink,White,DarkGray
Vampire07,7,27,27,9000,0,0,0,100,0,0,,Hat,,,,,Favorite,StrongRed,DeepYellow,DeepGreen,DeepViolet,DeepPink,White,DarkBlue
Vampire08,8,32,32,12000,0,0,0,120,0,0,,Hat,,,,,Favorite,Red,Yellow,Green,StrongAzure,Pink,DeepMagenta,DeepReddishBrown
Vampire09,9,38,38,17000,0,0,0,144,0,0,,Hat,,,,,Favorite,GrayishRed,Ivory,Olive,StrongAzure,Pink,Gray,DarkCyan
Vampire10,10,44,44,23000,0,0,0,169,0,0,,Hat,,,,,Favorite,Red,Yellow,DeepGreen,DeepViolet,Pink,White,Black
Vampire11,11,23,23,6600,0,0,0,84,0,0,,Hat,,,,,Favorite,DeepYellow,DeepGreen,StrongAzure,Pink,DeepViolet,White,Black
Vampire12,12,50,50,30000,0,0,0,194,0,0,,Hat,,,,,Favorite,Yellow,Green,Blue,Pink,Violet,White,Black
Vampire13,13,19,19,4600,0,0,0,68,0,0,,Hat,,,,,Favorite,Yellow,Green,Blue,DeepPink,Violet,White,Black
Vampire14,14,11,11,1600,0,0,0,38,0,0,,Hat,1,,,,Favorite,Gray,Brown,ikaOrange,DeepGreen,DeepCyan,DeepMagenta,StrongRed
Vampire15,15,14,14,2500,0,0,0,49,0,0,,Hat,,,,,Favorite,SkyBlue,Yellow,EmeraldGreen,Violet,Orange,Aquamarine,PaleYellow
Vampire16,16,3,3,210,0,0,0,8,0,0,,SideR,,,,,Favorite,CoralRed,PaleYellow,LightGreen,LightSkyBlue,VeryLightViolet,White,VeryLightBlue
Vampire17,17,5,5,430,0,0,0,16,0,0,,Hat,,,,,Favorite,CoralRed,PaleOrange,LightGreen,VeryLightBlue,Pink,Aquamarine,VeryLightViolet
Vampire18,18,0,0,50,0,0,0,0,0,0,Rare,Hat,,,,,Favorite,StrongRed,YellowOcher,DeepGreen,StrongAzure,DeepViolet,BurlyWood,Black
Vampire19,19,8,8,920,0,0,0,26,0,0,,Hat,,,,,Favorite,OrangeRed,DeepYellow,Green,Blue,Violet,DeepPink,Aquamarine
Vampire20,20,17,17,3700,0,0,0,61,0,0,,Hat,,,,,Favorite,Red,Yellow,LimeGreen,SkyBlue,Brown,Cyan,Black
Vampire21,21,29,29,10000,0,0,0,108,0,0,,Hat,,,,,Favorite,OrangeRed,Yellow,EmeraldGreen,Blue,DeepPink,White,DeepViolet
Vampire22,22,41,41,20000,0,0,0,156,0,0,,SideR,,,,,Favorite,Red,Yellow,Green,DeepMagenta,Pink,White,Black
Vampire23,23,4,4,310,0,0,0,12,0,0,,Hat,,,,,Favorite,Red,Yellow,DeepViolet,VividAzure,Pink,White,Black
Vampire24,24,47,47,27000,0,0,0,182,0,0,,Hat,,,,,Favorite,CoralRed,Yellow,VeryLightBlue,SkyBlue,Pink,LightGray,BlueViolet
Vampire25,25,10,10,1300,0,0,0,35,0,0,,SideR,,,,,Favorite,Orange,Yellow,EmeraldGreen,Blue,DeepPink,DeepViolet,Black
Vampire26,26,35,35,15000,0,0,0,132,0,0,,Hat,,,,,Favorite,StrongRed,YellowOcher,Green,StrongAzure,Pink,Brown,DeepReddishBrown
Vampire27,27,7,7,730,0,0,0,23,0,0,,Hat,,,,,Favorite,Red,DeepYellow,Green,VividAzure,Pink,Gray,Violet
Vampire28,28,13,13,2200,0,0,0,45,0,0,,Hat,,,,,Favorite,StrongRed,YellowOcher,Green,DeepViolet,Pink,White,DarkGray
Vampire29,29,25,25,7800,0,0,0,92,0,0,,SideR,,,,,Favorite,DarkCyan,Yellow,Green,StrongAzure,Pink,Orange,BlueViolet
Vampire30,-1,-1,0,0,0,0,0,0,0,0,,Normal,,,,,Favorite,,,,,,,
Vampire31,-1,-1,0,0,0,0,0,0,0,0,,Normal,,,,,Favorite,,,,,,,
Cook00,0,1,1,100,0,0,0,1,0,0,,Hat,,,,,Favorite,,,,,,,
Cook01,1,6,6,570,0,0,0,18,0,0,,Hat,,,,,Favorite,Violet,Yellow,Green,Blue,Pink,White,Black
Cook02,2,3,3,210,0,0,0,8,0,0,,Hat,,,,,Favorite,Pink,PaleYellow,LightGreen,LightSkyBlue,VeryLightViolet,PaleOrange,Turquoise
Cook03,3,9,9,1100,0,0,0,29,0,0,,Hat,,,,,Favorite,DarkGamboge,DeepYellow,DeepGreen,StrongAzure,Olive,DeepReddishBrown,DeepViolet
Cook04,4,38,38,17000,0,0,0,137,0,0,,Hat,,,,,Favorite,Red,Yellow,Green,DeepCyan,DeepPink,DarkGamboge,Black
Cook05,5,32,32,12000,0,0,0,114,0,0,,Hat,,,,,Favorite,Red,Orange,LimeGreen,VividAzure,Pink,White,Violet
Cook06,6,12,12,1900,0,0,0,40,0,0,,Hat,,,,,Favorite,Red,Yellow,Green,StrongAzure,Pink,White,Black
Cook07,7,17,17,3700,0,0,0,58,0,0,,Hat,,,,,Favorite,Red,Yellow,LimeGreen,SkyBlue,Fuchsia,Aquamarine,Violet
Cook08,8,21,21,5500,0,0,0,73,0,0,,Hat,,,,,Favorite,Red,DeepYellow,DeepGreen,Blue,Pink,White,DeepViolet
Cook09,9,27,27,9000,0,0,0,95,0,0,,Hat,,,,,Favorite,Red,Yellow,DeepGreen,StrongAzure,Pink,White,Black
Cook10,10,13,13,2200,0,0,0,43,0,0,,Hat,,,,,Favorite,StrongRed,Yellow,Green,VividAzure,Pink,PaleYellow,DeepViolet
Cook11,11,23,23,6600,0,0,0,80,0,0,,Hat,,,,,Favorite,DeepYellow,DeepGreen,StrongAzure,Pink,DeepViolet,White,Black
Cook12,12,50,50,30000,0,0,0,185,0,0,,Hat,,,,,Favorite,Yellow,Green,Blue,Pink,Violet,White,Black
Cook13,13,19,19,4600,0,0,0,65,0,0,,Hat,,,,,Favorite,Yellow,Green,Blue,DeepPink,Violet,White,Black
Cook14,14,11,11,1600,0,0,0,36,0,0,,Hat,1,,,,Favorite,Gray,Brown,ikaOrange,DeepGreen,DeepCyan,DeepMagenta,StrongRed
Cook15,15,14,14,2500,0,0,0,47,0,0,,Hat,,,,,Favorite,SkyBlue,Yellow,EmeraldGreen,Violet,Orange,Aquamarine,PaleYellow
Cook16,16,25,25,7800,0,0,0,88,0,0,,Hat,,,,,Favorite,LightGreen,DeepViolet,DeepPink,Yellow,SkyBlue,Red,Black
Cook17,17,5,5,430,0,0,0,15,0,0,,Hat,,,,,Favorite,CoralRed,PaleOrange,LightGreen,VeryLightBlue,Pink,Aquamarine,VeryLightViolet
Cook18,18,0,0,50,0,0,0,0,0,0,Rare,Hat,,,,,Favorite,StrongRed,YellowOcher,DeepGreen,StrongAzure,DeepViolet,BurlyWood,Black
Cook19,19,8,8,920,0,0,0,25,0,0,,Hat,,,,,Favorite,OrangeRed,DeepYellow,Green,Blue,Violet,DeepPink,Aquamarine
Cook20,20,35,35,15000,0,0,0,126,0,0,,Hat,,,,,Favorite,StrongRed,YellowOcher,DeepGreen,StrongAzure,GrayishRose,BurlyWood,Black
Cook21,21,7,7,730,0,0,0,22,0,0,,Hat,,,,,Favorite,PaleOrange,PaleYellow,LightGreen,LightSkyBlue,CoralRed,Aquamarine,VeryLightViolet
Cook22,22,2,2,140,0,0,0,4,0,0,,Hat,,,,,Favorite,Yellow,Green,Blue,Pink,Turquoise,Violet,Black
Cook23,23,29,29,10000,0,0,0,103,0,0,,Hat,,,,,Favorite,Orange,Yellow,EmeraldGreen,VividAzure,Pink,Violet,
Cook24,24,4,4,310,0,0,0,11,0,0,,Hat,,,,,Favorite,GrayishRed,SteelBlue,LightOlive,GrayishCyan,GrayishRose,LightGray,Black
Cook25,25,44,44,23000,0,0,0,161,0,0,,Hat,,,,,Favorite,Red,Yellow,DeepGreen,StrongAzure,DeepPink,DeepViolet,Black
Cook26,26,15,15,2900,0,0,0,51,0,0,,Hat,,,,,Favorite,Orange,Yellow,Green,VividAzure,Pink,BlueViolet,Black
Cook27,27,41,41,20000,0,0,0,149,0,0,,Hat,,,1,,Favorite,Yellow,Green,StrongAzure,Pink,Violet,White,Black
Cook28,28,10,10,1300,0,0,0,33,0,0,,Hat,,,,,Favorite,BurlyWood,DarkGamboge,Gray,StrongRed,Green,DeepCyan,StrongAzure
Cook29,29,47,47,27000,0,0,0,173,0,0,,Hat,,,,,Favorite,Red,Yellow,Green,Blue,Pink,DeepViolet,Black
Cook30,-1,-1,0,0,0,0,0,0,0,0,,Normal,,,,,Favorite,,,,,,,
Cook31,-1,-1,0,0,0,0,0,0,0,0,,Normal,,,,,Favorite,,,,,,,
Tank00,0,1,1,100,0,0,0,1,0,0,,Hat,,,,,Favorite,,,,,,,
Tank01,1,9,9,1100,0,0,0,35,0,0,,Hat,,,,,Favorite,Orange,Yellow,DeepGreen,Blue,Pink,White,Black
Tank02,2,2,2,140,0,0,0,5,0,0,,Hat,,,,,Favorite,Brown,Yellow,Green,VividAzure,Red,White,Black
Tank03,3,13,13,2200,0,0,0,52,0,0,,Hat,,,,,Favorite,Orange,Yellow,Green,VividAzure,DeepPink,Violet,Black
Tank04,4,12,12,1900,0,0,0,48,0,0,,Hat,,,,,Favorite,StrongRed,YellowOcher,DeepCyan,StrongAzure,GrayishRose,DeepViolet,Black
Tank05,5,6,6,570,0,0,0,22,0,0,,Hat,,,,,Favorite,Red,DeepYellow,DeepGreen,StrongAzure,DeepPink,OrangeRed,DeepViolet
Tank06,6,3,3,210,0,0,0,10,0,0,,Hat,,,,,Favorite,CoralRed,PaleYellow,LightGreen,PaleBlue,PalePink,White,VeryLightViolet
Tank07,7,27,27,9000,0,0,0,114,0,0,,Hat,,,,,Favorite,Red,Yellow,EmeraldGreen,Orange,Pink,Violet,DeepMagenta
Tank08,8,7,7,730,0,0,0,26,0,0,,Hat,,,,,Favorite,Red,Brown,DeepGreen,SkyBlue,DeepPink,VeryLightViolet,DarkGray
Tank09,9,41,41,20000,0,0,0,179,0,0,,Hat,,,,,Favorite,Red,DeepYellow,LimeGreen,VividAzure,DeepPink,Orange,Violet
Tank10,10,15,15,2900,0,0,0,61,0,0,,Hat,,,,,Favorite,Orange,Yellow,LimeGreen,VividAzure,Pink,White,Black
Tank11,11,23,23,6600,0,0,0,96,0,0,,Hat,,,,,Favorite,DeepYellow,DeepGreen,StrongAzure,Pink,DeepViolet,White,Black
Tank12,12,50,50,30000,0,0,0,222,0,0,,Hat,,,,,Favorite,Yellow,Green,Blue,Pink,Violet,White,Black
Tank13,13,19,19,4600,0,0,0,78,0,0,,Hat,,,,,Favorite,Yellow,Green,Blue,DeepPink,Violet,White,Black
Tank14,14,11,11,1600,0,0,0,43,0,0,,Hat,1,,,,Favorite,Gray,Brown,ikaOrange,DeepGreen,DeepCyan,DeepMagenta,StrongRed
Tank15,15,14,14,2500,0,0,0,56,0,0,,Hat,,,,,Favorite,SkyBlue,Yellow,EmeraldGreen,Violet,Orange,Aquamarine,PaleYellow
Tank16,16,25,25,7800,0,0,0,106,0,0,,Hat,,,,,Favorite,Orange,Yellow,LimeGreen,Cyan,VividAzure,DeepPink,Violet
Tank17,17,5,5,430,0,0,0,18,0,0,,Hat,,,,,Favorite,CoralRed,PaleOrange,LightGreen,VeryLightBlue,Pink,Aquamarine,VeryLightViolet
Tank18,18,0,0,50,0,0,0,0,0,0,Rare,Hat,,,,,Favorite,StrongRed,YellowOcher,DeepGreen,DarkBlue,GrayishRose,DarkGamboge,LightGray
Tank19,19,8,8,920,0,0,0,30,0,0,,Hat,,,,,Favorite,OrangeRed,DeepYellow,Green,Blue,Violet,DeepPink,Aquamarine
Tank20,20,35,35,15000,0,0,0,151,0,0,,Hat,,,,,Favorite,Red,DeepCyan,DeepGreen,StrongAzure,DeepPink,DeepReddishBrown,DeepViolet
Tank21,21,4,4,310,0,0,0,13,0,0,,Hat,,,,,Favorite,PaleOrange,PaleYellow,Pink,LightSkyBlue,CoralRed,Aquamarine,VeryLightViolet
Tank22,22,21,21,5500,0,0,0,88,0,0,,Hat,,,,,Favorite,Red,YellowOcher,DeepGreen,StrongAzure,Pink,DeepViolet,Black
Tank23,23,47,47,27000,0,0,0,208,0,0,,Hat,,,,,Favorite,Red,Yellow,Green,VividAzure,Pink,VeryLightViolet,Orange
Tank24,24,10,10,1300,0,0,0,40,0,0,,Hat,,,,,Favorite,Red,Orange,DeepGreen,StrongAzure,DeepViolet,LightGray,Black
Tank25,25,17,17,3700,0,0,0,70,0,0,,Hat,,,,,Favorite,Red,LightGreen,Green,VividAzure,DeepPink,White,VeryLightViolet
Tank26,26,29,29,10000,0,0,0,124,0,0,,Hat,,,,,Favorite,Red,Yellow,Green,Blue,Pink,White,Violet
Tank27,27,38,38,17000,0,0,0,164,0,0,,Hat,,,,,Favorite,Red,DeepYellow,DeepGreen,SteelBlue,Pink,Gray,DarkGamboge
Tank28,28,32,32,12000,0,0,0,137,0,0,,Hat,,,,,Favorite,OrangeRed,DeepYellow,DeepGreen,DarkCyan,Pink,GrayishViolet,DarkGray
Tank29,29,44,44,23000,0,0,0,193,0,0,,Hat,,,,,Favorite,CoralRed,PaleYellow,LightGreen,LightSkyBlue,Magenta,Gold,Black
Tank30,-1,-1,0,0,0,0,0,0,0,0,,Normal,,,,,Favorite,,,,,,,
Tank31,-1,-1,0,0,0,0,0,0,0,0,,Normal,,,,,Favorite,,,,,,,
Devil00,0,1,1,100,0,0,0,1,0,0,,Ribbon,,,,,Favorite,,,,,,,
Devil01,1,6,6,570,0,0,0,20,0,0,,Hat,,,,,Favorite,YellowOcher,Orange,CoralRed,SteelBlue,BlueViolet,LightGray,StrongRed
Devil02,2,2,2,140,0,0,0,4,0,0,,Ribbon,,,,,Favorite,DeepViolet,StrongAzure,DeepGreen,DeepYellow,DeepPink,Brown,PaleOrange
Devil03,3,3,3,210,0,0,0,9,0,0,,Ribbon,,,,,Favorite,DeepYellow,Red,Brown,DeepPink,Green,DeepCyan,Black
Devil04,4,12,12,1900,0,0,0,44,0,0,,Hat,,,,,Favorite,White,LightGreen,LightSkyBlue,VeryLightViolet,Pink,StrongAzure,DeepViolet
Devil05,5,27,27,9000,0,0,0,105,0,0,,Hat,,,,,Favorite,Green,StrongAzure,DeepMagenta,DeepPink,DeepYellow,Ivory,DarkGray
Devil06,6,15,15,2900,0,0,0,56,0,0,,Ribbon,,,,,Favorite,StrongRed,OrangeRed,YellowOcher,DeepGreen,DarkBlue,DeepViolet,Brown
Devil07,7,32,32,12000,0,0,0,125,0,0,,Hat,,,,,Favorite,DeepReddishBrown,DeepGreen,StrongAzure,DeepViolet,YellowOcher,OrangeRed,StrongRed
Devil08,8,21,21,5500,0,0,0,80,0,0,,Hat,,,,,Favorite,Red,DeepYellow,Green,StrongAzure,Violet,DeepPink,Brown
Devil09,9,44,44,23000,0,0,0,177,0,0,,Hat,,,,,Favorite,OrangeRed,DeepGreen,StrongAzure,Gold,Black,Brown,DeepMagenta
Devil10,10,25,25,7800,0,0,0,97,0,0,,Ribbon,,,,,Favorite,Yellow,Green,Blue,Violet,Fuchsia,OrangeRed,White
Devil11,11,23,23,6600,0,0,0,88,0,0,,Hat,,,,,Favorite,DeepYellow,DeepGreen,StrongAzure,Pink,DeepViolet,White,Black
Devil12,12,50,50,30000,0,0,0,204,0,0,,Ribbon,,,,,Favorite,Yellow,Green,Blue,Pink,Violet,White,Black
Devil13,13,19,19,4600,0,0,0,72,0,0,,Hat,,,,,Favorite,Yellow,Green,Blue,DeepPink,Violet,White,Black
Devil14,14,11,11,1600,0,0,0,40,0,0,,Ribbon,,,,,Favorite,Gray,Brown,ikaOrange,DeepGreen,DeepCyan,DeepMagenta,StrongRed
Devil15,15,14,14,2500,0,0,0,52,0,0,,Ribbon,,,,,Favorite,SkyBlue,Yellow,EmeraldGreen,Violet,Orange,Aquamarine,PaleYellow
Devil16,16,13,13,2200,0,0,0,47,0,0,,Hat,,,,,Favorite,PaleOrange,LightOlive,GrayishCyan,GrayishViolet,BurlyWood,CoralRed,Black
Devil17,17,5,5,430,0,0,0,17,0,0,,Hat,,,,,Favorite,CoralRed,PaleOrange,LightGreen,VeryLightBlue,Pink,Aquamarine,VeryLightViolet
Devil18,18,0,0,50,0,0,0,0,0,0,Rare,Hat,,,,,Favorite,StrongRed,YellowOcher,DeepGreen,DarkBlue,GrayishRose,DarkGamboge,LightGray
Devil19,19,8,8,920,0,0,0,28,0,0,,Ribbon,,,,,Favorite,OrangeRed,DeepYellow,Green,Blue,Violet,DeepPink,Aquamarine
Devil20,20,47,47,27000,0,0,0,190,0,0,,Ribbon,,,,,Favorite,CoralRed,Ivory,LightGreen,Aquamarine,LightSkyBlue,VeryLightViolet,Magenta
Devil21,21,7,7,730,0,0,0,24,0,0,,Ribbon,,,,,Favorite,Red,DeepYellow,Green,Blue,DeepMagenta,DeepPink,DeepReddishBrown
Devil22,22,10,10,1300,0,0,0,36,0,0,,Ribbon,,,,,Favorite,Red,Black,DarkRed,DeepPink,Turquoise,SteelBlue,PalePink
Devil23,23,35,35,15000,0,0,0,139,0,0,,Ribbon,,,,,Favorite,Red,EmeraldGreen,Blue,PaleYellow,OrangeRed,DeepMagenta,DeepPink
Devil24,24,29,29,10000,0,0,0,113,0,0,,Hat,,,,,Favorite,Yellow,LimeGreen,Red,Fuchsia,DeepViolet,Gold,White
Devil25,25,17,17,3700,0,0,0,64,0,0,,Hat,,,,,Favorite,DeepCyan,Red,Yellow,Green,Brown,DeepMagenta,Black
Devil26,26,4,4,310,0,0,0,12,0,0,,Ribbon,,,,,Favorite,DeepGreen,Turquoise,SteelBlue,Pink,VeryLightViolet,Orange,Brown
Devil27,27,9,9,1100,0,0,0,32,0,0,,Ribbon,,,,,Favorite,OrangeRed,DeepYellow,Green,Blue,Violet,DeepPink,Brown
Devil28,28,41,41,20000,0,0,0,164,0,0,,Hat,,,,,Favorite,DeepYellow,LimeGreen,Cyan,Fuchsia,White,Red,VividAzure
Devil29,29,38,38,17000,0,0,0,151,0,0,,Ribbon,,,,,Favorite,Fuchsia,Green,Gold,Red,DeepCyan,OrangeRed,StrongAzure
Devil30,-1,-1,0,0,0,0,0,0,0,0,,Normal,,,,,Favorite,,,,,,,
Devil31,-1,-1,0,0,0,0,0,0,0,0,,Normal,,,,,Favorite,,,,,,,
Royalty00,0,1,1,100,0,0,0,1,0,0,,Front,,,,,Favorite,,,,,,,
Royalty01,1,21,21,5500,0,0,0,55,0,0,,Front,,,,,Favorite,DeepMagenta,Yellow,LimeGreen,Aquamarine,SteelBlue,Orange,White
Royalty02,2,3,3,210,0,0,0,6,0,0,,Front,,,,,Favorite,DeepGreen,DarkCyan,DarkBlue,Violet,Olive,Brown,Ivory
Royalty03,3,4,4,310,0,0,0,8,0,0,,Front,,,,,Favorite,OrangeRed,DeepYellow,Green,Blue,Violet,DeepPink,Brown
Royalty04,4,32,32,12000,0,0,0,86,0,0,,Front,,,,,Favorite,Blue,EmeraldGreen,DeepYellow,Red,Fuchsia,Violet,Gray
Royalty05,5,12,12,1900,0,0,0,30,0,0,,Front,,,,,Favorite,OrangeRed,DeepYellow,PaleYellow,Green,Blue,Violet,Black
Royalty06,6,2,2,140,0,0,0,3,0,0,,Front,,,,,Favorite,Red,StrongAzure,DeepMagenta,DeepReddishBrown,Gold,DeepPink,DeepCyan
Royalty07,7,27,27,9000,0,0,0,71,0,0,,Front,,,,,Favorite,Green,Gray,StrongRed,StrongAzure,Violet,DeepPink,Brown
Royalty08,8,6,6,570,0,0,0,14,0,0,,Front,,,,,Favorite,DeepCyan,Violet,DarkRed,Fuchsia,Green,Yellow,Red
Royalty09,9,15,15,2900,0,0,0,38,0,0,,Front,,,,,Favorite,StrongAzure,Green,YellowOcher,StrongRed,DeepPink,DeepCyan,Black
Royalty10,10,47,47,27000,0,0,0,130,0,0,,Front,,,,,Favorite,DeepMagenta,Red,DeepYellow,Green,Blue,DeepPink,PaleYellow
Royalty11,11,23,23,6600,0,0,0,60,0,0,,Front,,,,,Favorite,DeepYellow,DeepGreen,StrongAzure,Pink,DeepViolet,White,Black
Royalty12,12,50,50,30000,0,0,0,139,0,0,,Front,,,,,Favorite,Yellow,Green,Blue,Pink,Violet,White,Black
Royalty13,13,19,19,4600,0,0,0,49,0,0,,Front,,,,,Favorite,Yellow,Green,Blue,DeepPink,Violet,White,Black
Royalty14,14,11,11,1600,0,0,0,27,0,0,,Front,,,,,Favorite,Gray,Brown,ikaOrange,DeepGreen,DeepCyan,DeepMagenta,StrongRed
Royalty15,15,14,14,2500,0,0,0,35,0,0,,Front,,,,,Favorite,SkyBlue,Yellow,EmeraldGreen,Violet,Orange,Aquamarine,PaleYellow
Royalty16,16,9,9,1100,0,0,0,22,0,0,,Front,,,,,Favorite,Fuchsia,LimeGreen,SkyBlue,OrangeRed,Brown,White,Black
Royalty17,17,5,5,430,0,0,0,11,0,0,,Front,,,,,Favorite,CoralRed,PaleOrange,LightGreen,VeryLightBlue,Pink,Aquamarine,VeryLightViolet
Royalty18,18,0,0,50,0,0,0,0,0,0,Rare,Front,,,,,Favorite,StrongRed,YellowOcher,DeepGreen,StrongAzure,DeepViolet,BurlyWood,Black
Royalty19,19,8,8,920,0,0,0,19,0,0,,Front,,,,,Favorite,OrangeRed,DeepYellow,Green,Blue,Violet,DeepPink,Aquamarine
Royalty20,20,25,25,7800,0,0,0,66,0,0,,Front,,,,,Favorite,StrongRed,DeepGreen,DarkBlue,DeepMagenta,CoralRed,VeryLightViolet,White
Royalty21,21,38,38,17000,0,0,0,103,0,0,,Front,,,,,Favorite,CoralRed,Ivory,LightGreen,Aquamarine,LightSkyBlue,VeryLightViolet,Magenta
Royalty22,22,13,13,2200,0,0,0,32,0,0,,Front,,,,,Favorite,Black,Yellow,Green,DeepPink,DeepMagenta,Blue,DarkBlue
Royalty23,23,10,10,1300,0,0,0,25,0,0,,Front,,,,,Favorite,White,PaleYellow,LightGreen,Aquamarine,LightSkyBlue,VeryLightViolet,VeryLightBlue
Royalty24,24,29,29,10000,0,0,0,77,0,0,,Front,,,,,Favorite,Yellow,Red,DeepPink,Violet,VividAzure,Cyan,LightGray
Royalty25,25,7,7,730,0,0,0,17,0,0,,Front,,,,,Favorite,OrangeRed,Yellow,EmeraldGreen,Cyan,Blue,DeepMagenta,Black
Royalty26,26,17,17,3700,0,0,0,44,0,0,,Front,,,,,Favorite,Red,OrangeRed,DeepYellow,Green,Violet,Fuchsia,DarkBlue
Royalty27,27,44,44,23000,0,0,0,121,0,0,,Front,,,,,Favorite,BurlyWood,VeryLightViolet,LightSkyBlue,LightGreen,Orange,GrayishMagenta,DeepPink
Royalty28,28,35,35,15000,0,0,0,95,0,0,,Front,,,1,,Favorite,EmeraldGreen,YellowGreen,DeepYellow,DeepMagenta,VividAzure,LightGray,Red
Royalty29,29,41,41,20000,0,0,0,112,0,0,,Front,,,,,Favorite,OrangeRed,DeepYellow,YellowGreen,Green,SteelBlue,DeepMagenta,Gold
Royalty30,-1,-1,0,0,0,0,0,0,0,0,,Normal,,,,,Favorite,,,,,,,
Royalty31,-1,-1,0,0,0,0,0,0,0,0,,Normal,,,,,Favorite,,,,,,,
Flower00,0,1,1,100,0,0,0,1,0,0,,HeadGear,,,,,Favorite,,,,,,,
Flower01,1,2,2,140,0,0,0,4,0,0,,HeadGear,,,,,Favorite,Orange,Yellow,Aquamarine,LightGreen,VeryLightViolet,PalePink,White
Flower02,2,9,9,1100,0,0,0,28,0,0,,HeadGear,,,,1,Favorite,Orange,DeepCyan,BlueViolet,Pink,BurlyWood,Green,Gold
Flower03,3,6,6,570,0,0,0,17,0,0,,HeadGear,,,,1,Favorite,Pink,Yellow,Orange,DeepMagenta,GrayishCyan,SteelBlue,White
Flower04,4,12,12,1900,0,0,0,38,0,0,,HeadGear,,,,,Favorite,Orange,Red,EmeraldGreen,VividAzure,Violet,Pink,PaleYellow
Flower05,5,15,15,2900,0,0,0,48,0,0,,HeadGear,,,,,Favorite,DarkRed,Ivory,DeepYellow,StrongAzure,DeepPink,DeepGreen,Black
Flower06,6,44,44,23000,0,0,0,153,0,0,,HeadGear,,,,,Favorite,OrangeRed,DeepGreen,DarkBlue,DeepViolet,DeepReddishBrown,Gold,Black
Flower07,7,27,27,9000,0,0,0,90,0,0,,HeadGear,,,,1,Favorite,CoralRed,VeryLightViolet,Orange,SteelBlue,Aquamarine,LightGreen,PaleYellow
Flower08,8,21,21,5500,0,0,0,69,0,0,,HeadGear,,,,,Favorite,YellowGreen,Olive,DeepYellow,Turquoise,BlueViolet,CoralRed,Orange
Flower09,9,32,32,12000,0,0,0,108,0,0,,HeadGear,,,,,Favorite,Red,Orange,DeepYellow,Green,Blue,Violet,PaleYellow
Flower10,10,47,47,27000,0,0,0,164,0,0,,HeadGear,,,,,Favorite,CoralRed,Ivory,Yellow,EmeraldGreen,SkyBlue,Violet,Pink
Flower11,11,23,23,6600,0,0,0,76,0,0,,HeadGear,,,,,Favorite,DeepYellow,DeepGreen,StrongAzure,Pink,DeepViolet,White,Black
Flower12,12,50,50,30000,0,0,0,176,0,0,,HeadGear,,,,,Favorite,Yellow,Green,Blue,Pink,Violet,White,Black
Flower13,13,19,19,4600,0,0,0,62,0,0,,HeadGear,,,,,Favorite,Yellow,Green,Blue,DeepPink,Violet,White,Black
Flower14,14,11,11,1600,0,0,0,34,0,0,,HeadGear,1,,,,Favorite,Gray,Brown,ikaOrange,DeepGreen,DeepCyan,DeepMagenta,StrongRed
Flower15,15,14,14,2500,0,0,0,45,0,0,,HeadGear,,,,,Favorite,SkyBlue,Yellow,EmeraldGreen,Violet,Orange,Aquamarine,PaleYellow
Flower16,16,38,38,17000,0,0,0,130,0,0,,HeadGear,,,,,Favorite,OrangeRed,DeepYellow,Green,Blue,DeepMagenta,DeepPink,Brown
Flower17,17,5,5,430,0,0,0,14,0,0,,HeadGear,,,,,Favorite,CoralRed,PaleOrange,LightGreen,VeryLightBlue,Pink,Aquamarine,VeryLightViolet
Flower18,18,0,0,50,0,0,0,0,0,0,Rare,HeadGear,,,,,Favorite,StrongRed,YellowOcher,DeepGreen,StrongAzure,DeepViolet,BurlyWood,Black
Flower19,19,8,8,920,0,0,0,24,0,0,,HeadGear,,,,,Favorite,OrangeRed,DeepYellow,Green,Blue,Violet,DeepPink,Aquamarine
Flower20,20,17,17,3700,0,0,0,55,0,0,,HeadGear,,,,,Favorite,Blue,Red,Yellow,EmeraldGreen,Violet,DeepPink,OrangeRed
Flower21,21,10,10,1300,0,0,0,31,0,0,,HeadGear,,,,,Favorite,Olive,Orange,Green,Yellow,SteelBlue,BlueViolet,Pink
Flower22,22,4,4,310,0,0,0,10,0,0,,HeadGear,,,,,Favorite,Red,OrangeRed,DeepYellow,Green,Blue,VividAzure,Violet
Flower23,23,41,41,20000,0,0,0,142,0,0,,HeadGear,,,,,Favorite,StrongAzure,Violet,Fuchsia,EmeraldGreen,Gold,Red,DarkRed
Flower24,24,25,25,7800,0,0,0,84,0,0,,HeadGear,,,,,Favorite,Red,Gold,Green,Blue,DeepMagenta,DeepPink,StrongRed
Flower25,25,3,3,210,0,0,0,8,0,0,,HeadGear,,,,,Favorite,OrangeRed,Yellow,Green,Blue,Violet,DeepPink,Brown
Flower26,26,7,7,730,0,0,0,21,0,0,,HeadGear,,,,,Favorite,OrangeRed,White,LightGreen,Green,Brown,DeepCyan,StrongRed
Flower27,27,35,35,15000,0,0,0,120,0,0,,HeadGear,,,,,Favorite,PaleYellow,Yellow,Orange,LightGreen,GrayishCyan,BlueViolet,Magenta
Flower28,28,13,13,2200,0,0,0,41,0,0,,HeadGear,,,,,Favorite,DarkGamboge,OrangeRed,DeepYellow,Green,Blue,DeepMagenta,DeepPink
Flower29,29,29,29,10000,0,0,0,98,0,0,,HeadGear,,,,,Favorite,Red,DeepYellow,EmeraldGreen,Violet,Fuchsia,Gold,DarkBlue
Flower30,-1,-1,0,0,0,0,0,0,0,0,,Normal,,,,,Favorite,,,,,,,
Flower31,-1,-1,0,0,0,0,0,0,0,0,,Normal,,,,,Favorite,,,,,,,
Scientist00,0,1,1,100,0,0,0,1,0,0,,HeadGear,,,,,Favorite,,,,,,,
Scientist01,1,2,2,140,0,0,0,3,0,0,,Front,,,,,Favorite,White,Red,DeepYellow,Green,VividAzure,Violet,Pink
Scientist02,2,6,6,570,0,0,0,15,0,0,,Front,,,,,Favorite,Red,Orange,Yellow,EmeraldGreen,VividAzure,Violet,BurlyWood
Scientist03,3,44,44,23000,0,0,0,137,0,0,,Front,,,,,Favorite,LimeGreen,Yellow,Red,SkyBlue,Blue,Fuchsia,Black
Scientist04,4,21,21,5500,0,0,0,62,0,0,,HeadGear,,,,,Favorite,Green,DeepCyan,DarkBlue,DeepPink,Gold,Red,Black
Scientist05,5,9,9,1100,0,0,0,25,0,0,,HeadGear,,,,,Favorite,StrongAzure,Green,DeepYellow,DarkRed,Brown,DeepViolet,Black
Scientist06,6,3,3,210,0,0,0,7,0,0,,HeadGear,,,,,Favorite,Orange,DeepYellow,EmeraldGreen,VividAzure,Violet,Fuchsia,Gray
Scientist07,7,32,32,12000,0,0,0,97,0,0,,Front,,,,,Favorite,OrangeRed,DeepYellow,DeepGreen,StrongAzure,DeepViolet,Red,Brown
Scientist08,8,41,41,20000,0,0,0,127,0,0,,HeadGear,,,,,Favorite,DeepGreen,StrongAzure,Ivory,DeepViolet,Gold,Black,Red
Scientist09,9,27,27,9000,0,0,0,81,0,0,,Front,,,,,Favorite,OrangeRed,Gold,Black,Green,DarkBlue,DeepPink,ikaLimeGreen
Scientist10,10,35,35,15000,0,0,0,107,0,0,,HeadGear,,,,,Favorite,Blue,Aquamarine,Green,DeepYellow,Black,DeepViolet,OrangeRed
Scientist11,11,23,23,6600,0,0,0,68,0,0,,Front,,,,,Favorite,DeepYellow,DeepGreen,StrongAzure,Pink,DeepViolet,White,Black
Scientist12,12,50,50,30000,0,0,0,157,0,0,,HeadGear,,,,,Favorite,Yellow,Green,Blue,Pink,Violet,White,Black
Scientist13,13,19,19,4600,0,0,0,55,0,0,,Front,,,,,Favorite,Yellow,Green,Blue,DeepPink,Violet,White,Black
Scientist14,14,11,11,1600,0,0,0,31,0,0,,HeadGear,1,,,,Favorite,Gray,Brown,ikaOrange,DeepGreen,DeepCyan,DeepMagenta,StrongRed
Scientist15,15,14,14,2500,0,0,0,40,0,0,,HeadGear,,,,,Favorite,SkyBlue,Yellow,EmeraldGreen,Violet,Orange,Aquamarine,PaleYellow
Scientist16,16,15,15,2900,0,0,0,43,0,0,,HeadGear,,,,,Favorite,OrangeRed,Yellow,VividAzure,Fuchsia,Violet,Aquamarine,PaleTurquoise
Scientist17,17,5,5,430,0,0,0,13,0,0,,HeadGear,,,,,Favorite,CoralRed,PaleOrange,LightGreen,VeryLightBlue,Pink,Aquamarine,VeryLightViolet
Scientist18,18,0,0,50,0,0,0,0,0,0,Rare,HeadGear,,,,,Favorite,StrongRed,YellowOcher,DeepGreen,StrongAzure,DeepViolet,BurlyWood,Black
Scientist19,19,8,8,920,0,0,0,21,0,0,,HeadGear,,,,,Favorite,OrangeRed,DeepYellow,Green,Blue,Violet,DeepPink,Aquamarine
Scientist20,20,12,12,1900,0,0,0,34,0,0,,Front,,,,,Favorite,OrangeRed,Gold,DeepGreen,StrongAzure,DeepMagenta,Black,Gray
Scientist21,21,13,13,2200,0,0,0,37,0,0,,Front,,,,,Favorite,SkyBlue,Blue,EmeraldGreen,DeepPink,Red,OrangeRed,White
Scientist22,22,17,17,3700,0,0,0,49,0,0,,Front,,,,,Favorite,Red,OrangeRed,DeepYellow,Green,Blue,DeepPink,Black
Scientist23,23,47,47,27000,0,0,0,147,0,0,,HeadGear,,,,,Favorite,Fuchsia,Yellow,EmeraldGreen,Red,VividAzure,Violet,OrangeRed
Scientist24,24,7,7,730,0,0,0,19,0,0,,Front,,,,,Favorite,EmeraldGreen,DeepYellow,Orange,DeepPink,Violet,SkyBlue,Red
Scientist25,25,25,25,7800,0,0,0,75,0,0,,HeadGear,,,,,Favorite,OrangeRed,DeepYellow,ikaLimeGreen,DeepGreen,StrongAzure,DeepViolet,Brown
Scientist26,26,38,38,17000,0,0,0,116,0,0,,HeadGear,,,,,Favorite,DeepYellow,VividAzure,Red,DeepMagenta,Turquoise,Orange,VeryPaleBlue
Scientist27,27,4,4,310,0,0,0,9,0,0,,Front,,,,,Favorite,EmeraldGreen,Yellow,Red,DeepPink,Violet,Blue,OrangeRed
Scientist28,28,29,29,10000,0,0,0,88,0,0,,Front,,,,,Favorite,Gold,Green,DeepPink,BurlyWood,DarkRed,LightGray,VividAzure
Scientist29,29,10,10,1300,0,0,0,28,0,0,,HeadGear,,,,,Favorite,Red,DeepYellow,DeepGreen,DarkBlue,DeepMagenta,White,DeepReddishBrown
Scientist30,-1,-1,0,0,0,0,0,0,0,0,,Normal,,,,,Favorite,,,,,,,
Scientist31,-1,-1,0,0,0,0,0,0,0,0,,Normal,,,,,Favorite,,,,,,,
Cat00,0,1,1,100,0,0,0,1,0,0,,Ribbon,,,,,Favorite,,,,,,,
Cat01,1,6,6,570,0,0,0,19,0,0,,Ribbon,,,,,Favorite,GrayishRed,PaleOrange,LightGreen,DarkBlue,Pink,Ivory,Brown
Cat02,2,9,9,1100,0,0,0,30,0,0,,Ribbon,,,,,Favorite,StrongRed,YellowOcher,Green,VividAzure,Pink,BlueViolet,DarkGray
Cat03,3,12,12,1900,0,0,0,42,0,0,,Ribbon,,,,,Favorite,Red,Yellow,Green,Blue,Pink,Violet,DarkGray
Cat04,4,15,15,2900,0,0,0,54,0,0,,Ribbon,,,,,Favorite,StrongRed,Ivory,Green,Blue,Pink,White,Black
Cat05,5,21,21,5500,0,0,0,77,0,0,,Ribbon,,,,,Favorite,PaleOrange,Yellow,LightOlive,SkyBlue,PalePink,White,VeryLightViolet
Cat06,6,27,27,9000,0,0,0,100,0,0,,Ribbon,,,,,Favorite,GrayishRed,Ivory,Green,VividAzure,Pink,LightGray,Black
Cat07,7,2,2,140,0,0,0,4,0,0,,Ribbon,,,,,Favorite,Red,DeepYellow,Green,Blue,Pink,Violet,Brown
Cat08,8,10,10,1300,0,0,0,35,0,0,,Ribbon,,,,,Favorite,Red,Yellow,Green,VividAzure,Fuchsia,Violet,Black
Cat09,9,35,35,15000,0,0,0,132,0,0,,Ribbon,,,,,Favorite,StrongRed,DeepYellow,DeepGreen,DarkBlue,Pink,DeepViolet,DeepReddishBrown
Cat10,10,25,25,7800,0,0,0,92,0,0,,Ribbon,,,,,Favorite,Orange,Yellow,Red,VividAzure,DeepPink,Brown,Black
Cat11,11,23,23,6600,0,0,0,84,0,0,,Ribbon,,,,,Favorite,DeepYellow,DeepGreen,StrongAzure,Pink,DeepViolet,White,Black
Cat12,12,50,50,30000,0,0,0,194,0,0,,Ribbon,,,,,Favorite,Yellow,Green,Blue,Pink,Violet,White,Black
Cat13,13,19,19,4600,0,0,0,68,0,0,,Ribbon,,,,,Favorite,Yellow,Green,Blue,DeepPink,Violet,White,Black
Cat14,14,11,11,1600,0,0,0,38,0,0,,Ribbon,1,,,,Favorite,Gray,Brown,ikaOrange,DeepGreen,DeepCyan,DeepMagenta,StrongRed
Cat15,15,14,14,2500,0,0,0,49,0,0,,Ribbon,,,,,Favorite,SkyBlue,Yellow,EmeraldGreen,Violet,Orange,Aquamarine,PaleYellow
Cat16,16,3,3,210,0,0,0,8,0,0,,Ribbon,,,,,Favorite,Red,Yellow,EmeraldGreen,VividAzure,Pink,VeryLightViolet,Violet
Cat17,17,5,5,430,0,0,0,16,0,0,,Ribbon,,,,,Favorite,CoralRed,PaleOrange,LightGreen,VeryLightBlue,Pink,Aquamarine,VeryLightViolet
Cat18,18,0,0,50,0,0,0,0,0,0,Rare,Ribbon,,,,,Favorite,StrongRed,YellowOcher,DeepGreen,StrongAzure,DeepViolet,BurlyWood,Black
Cat19,19,8,8,920,0,0,0,26,0,0,,Ribbon,,,,,Favorite,OrangeRed,DeepYellow,Green,Blue,Violet,DeepPink,Aquamarine
Cat20,20,41,41,20000,0,0,0,156,0,0,,Ribbon,,,,,Favorite,StrongRed,YellowOcher,DeepGreen,StrongAzure,GrayishRose,BurlyWood,Black
Cat21,21,4,4,310,0,0,0,12,0,0,,Ribbon,,,,,Favorite,PaleOrange,PaleYellow,LightGreen,Pink,CoralRed,Aquamarine,VeryLightViolet
Cat22,22,13,13,2200,0,0,0,45,0,0,,Ribbon,,,,,Favorite,CoralRed,PaleOrange,Ivory,LightSkyBlue,Pink,White,VeryLightViolet
Cat23,23,47,47,27000,0,0,0,182,0,0,,Ribbon,,,,,Favorite,Orange,Yellow,Green,VividAzure,Pink,DeepCyan,Brown
Cat24,24,17,17,3700,0,0,0,61,0,0,,Ribbon,,,,,Favorite,OrangeRed,Yellow,Green,Blue,Pink,DeepViolet,Black
Cat25,25,7,7,730,0,0,0,23,0,0,,Ribbon,,,,,Favorite,Red,Yellow,Green,Brown,Pink,LightGray,DarkGray
Cat26,26,29,29,10000,0,0,0,108,0,0,,Ribbon,,,,,Favorite,Red,Yellow,Green,Blue,Pink,DeepViolet,DeepReddishBrown
Cat27,27,38,38,17000,0,0,0,144,0,0,,Ribbon,,,1,,Favorite,CoralRed,DeepYellow,Turquoise,VividAzure,Pink,Orange,VeryLightViolet
Cat28,28,44,44,23000,0,0,0,169,0,0,,Ribbon,,,,,Favorite,DeepCyan,DeepYellow,Green,StrongAzure,DeepPink,OrangeRed,BlueViolet
Cat29,29,32,32,12000,0,0,0,120,0,0,,Ribbon,,,,,Favorite,Black,DeepYellow,DeepGreen,Blue,Pink,Violet,DeepMagenta
Cat30,-1,-1,0,0,0,0,0,0,0,0,,Normal,,,,,Favorite,,,,,,,
Cat31,-1,-1,0,0,0,0,0,0,0,0,,Normal,,,,,Favorite,,,,,,,
Elf00,0,1,1,100,0,0,0,1,0,0,,Hat,,,,,Favorite,,,,,,,
Elf01,1,2,2,140,0,0,0,5,0,0,,Hat,,,,,Favorite,DarkGamboge,DeepYellow,DeepGreen,StrongAzure,Olive,DeepReddishBrown,DeepViolet
Elf02,2,6,6,570,0,0,0,21,0,0,,HeadGear,,,1,,Favorite,Yellow,Green,VividAzure,Pink,Violet,White,Black
Elf03,3,9,9,1100,0,0,0,33,0,0,,Hat,,,,,Favorite,Red,DeepYellow,DeepGreen,DeepCyan,Pink,DeepViolet,Black
Elf04,4,12,12,1900,0,0,0,46,0,0,,HeadGear,,,,,Favorite,Red,Orange,LimeGreen,SkyBlue,Pink,Violet,DarkGamboge
Elf05,5,15,15,2900,0,0,0,59,0,0,,Hat,,,,,Favorite,StrongRed,YellowOcher,DeepGreen,StrongAzure,DeepViolet,White,DarkGamboge
Elf06,6,21,21,5500,0,0,0,84,0,0,,HeadGear,,,,,Favorite,CoralRed,Yellow,VeryLightViolet,LightSkyBlue,Pink,White,Black
Elf07,7,27,27,9000,0,0,0,109,0,0,,HeadGear,,,,,Favorite,Red,Yellow,LimeGreen,Blue,DeepPink,White,Black
Elf08,8,38,38,17000,0,0,0,158,0,0,,HeadGear,,,,,Favorite,Red,Yellow,DeepViolet,Blue,DeepPink,White,Black
Elf09,9,44,44,23000,0,0,0,185,0,0,,Hat,,,,,Favorite,DeepCyan,DeepYellow,Green,VividAzure,DeepPink,LightGray,Black
Elf10,10,17,17,3700,0,0,0,67,0,0,,Hat,,,,,Favorite,Red,YellowGreen,DeepViolet,StrongAzure,Pink,BurlyWood,Gray
Elf11,11,23,23,6600,0,0,0,92,0,0,,Hat,,,,,Favorite,DeepYellow,DeepGreen,StrongAzure,Pink,DeepViolet,White,Black
Elf12,12,50,50,30000,0,0,0,213,0,0,,HeadGear,,,,,Favorite,Yellow,Green,Blue,Pink,Violet,White,Black
Elf13,13,19,19,4600,0,0,0,75,0,0,,Hat,,,,,Favorite,Yellow,Green,Blue,DeepPink,Violet,White,Black
Elf14,14,11,11,1600,0,0,0,41,0,0,,HeadGear,1,,,,Favorite,Gray,Brown,ikaOrange,DeepGreen,DeepCyan,DeepMagenta,StrongRed
Elf15,15,14,14,2500,0,0,0,54,0,0,,Hat,,,,,Favorite,SkyBlue,Yellow,EmeraldGreen,Violet,Orange,Aquamarine,PaleYellow
Elf16,16,25,25,7800,0,0,0,101,0,0,,Hat,,,,,Favorite,Red,Yellow,Green,Violet,Pink,LightGray,Black
Elf17,17,5,5,430,0,0,0,17,0,0,,Hat,,,,,Favorite,CoralRed,PaleOrange,LightGreen,VeryLightBlue,Pink,Aquamarine,VeryLightViolet
Elf18,18,0,0,50,0,0,0,0,0,0,Rare,Hat,,,,,Favorite,StrongRed,YellowOcher,DeepGreen,StrongAzure,DeepViolet,BurlyWood,Black
Elf19,19,8,8,920,0,0,0,29,0,0,,Hat,,,,,Favorite,OrangeRed,DeepYellow,Green,Blue,Violet,DeepPink,Aquamarine
Elf20,20,32,32,12000,0,0,0,131,0,0,,HeadGear,,,,,Favorite,Red,Yellow,Orange,SkyBlue,Magenta,White,Violet
Elf21,21,3,3,210,0,0,0,9,0,0,,Hat,,,,,Favorite,Red,Orange,Green,VividAzure,Pink,White,Black
Elf22,22,4,4,310,0,0,0,13,0,0,,HeadGear,,,,,Favorite,CoralRed,PaleYellow,LightGreen,LightSkyBlue,Pink,PaleOrange,VeryLightViolet
Elf23,23,47,47,27000,0,0,0,199,0,0,,HeadGear,,,,,Favorite,Red,Yellow,Green,Blue,Pink,DeepViolet,Orange
Elf24,24,13,13,2200,0,0,0,49,0,0,,HeadGear,,,,,Favorite,CoralRed_1,VeryLightViolet_1,Aquamarine_1,LightSkyBlue_1,Pink_1,LightGray_1,DarkGray
Elf25,25,29,29,10000,0,0,0,118,0,0,,HeadGear,,,,,Favorite,Red,Yellow,Green,Blue,Pink,White,Black
Elf26,26,35,35,15000,0,0,0,145,0,0,,HeadGear,,,,,Favorite,CoralRed,PaleYellow,LightGreen,PaleBlue,Pink,PaleOrange,Magenta
Elf27,27,41,41,20000,0,0,0,171,0,0,,Hat,,,,,Favorite,StrongRed,YellowOcher,DeepGreen,StrongAzure,GrayishRose,BurlyWood,Black
Elf28,28,7,7,730,0,0,0,25,0,0,,Hat,,,,,Favorite,Orange,Yellow,Green,VividAzure,Pink,Violet,Black
Elf29,29,10,10,1300,0,0,0,38,0,0,,Hat,,,,,Favorite,OrangeRed,Red,Green,Blue,DeepPink,Brown,Gray
Elf30,-1,-1,0,0,0,0,0,0,0,0,,Normal,,,,,,,,,,,,
Elf31,-1,-1,0,0,0,0,0,0,0,0,,Normal,,,,,,,,,,,,
Amiibo00,0,0,0,50,0,0,0,0,0,0,,Hat,,,,,White,,,,,,,
Amiibo01,1,1,0,50,0,0,0,0,0,0,,Hat,,,,,White,,,,,,,
Amiibo02,2,5,0,50,0,0,0,0,0,0,,HeadGear,,,,,PaleTurquoise,,,,,,,
Amiibo03,3,2,0,50,0,0,0,0,0,0,,Hat,,,,,YossyGreen,YossyRed,YossyYellow,YossySkyBlue,YossyVividAzure,YossyPink,YossyBlack,YossyBlueViolet
Amiibo04,4,3,0,50,0,0,0,0,0,0,,HeadGear,,,,,White,,,,,,,
Amiibo05,5,4,0,50,0,0,0,0,0,0,,HeadGear,,,,,White,,,,,,,
Amiibo06,6,22,0,50,0,0,0,0,0,0,,Hat,,,,,White,,,,,,,
Amiibo07,7,7,0,50,0,0,0,0,0,0,,HeadGear,,1,,,Yellow,,,,,,,
Amiibo08,8,8,0,50,0,0,0,0,0,0,,HeadGear,,1,,,Brown,,,,,,,
Amiibo09,9,23,0,50,0,0,0,0,0,0,,Hat,,,,,PaleYellow,,,,,,,
Amiibo10,10,9,0,50,0,0,0,0,0,0,,HeadGear,,,,,Brown,,,,,,,
Amiibo11,11,10,0,50,0,0,0,0,0,0,,HeadGear,,,,,White,,,,,,,
Amiibo12,12,11,0,50,0,0,0,0,0,0,,HeadGear,,1,,,Black,,,,,,,
Amiibo13,13,6,0,50,0,0,0,0,0,0,,HeadGear,1,,,,ToadRed,ToadBlue,ToadGreen,ToadYellow,ToadFuchsia,,,
Amiibo14,14,13,0,50,0,0,0,0,0,0,,Hat,,,,,Pink,,,,,,,
Amiibo15,15,14,0,50,0,0,0,0,0,0,,Hat,,,,,PaleOrange,,,,,,,
Amiibo16,16,18,0,50,0,0,0,0,0,0,,HeadGear,,,,,Blue,ikaOrange,ikaLimeGreen,Turquoise,DeepMagenta,DeepPink,,
Amiibo17,17,17,0,50,0,0,0,0,0,0,,HeadGear,,,,,ikaOrange,Blue,ikaLimeGreen,Turquoise,DeepMagenta,DeepPink,,
Amiibo18,18,19,0,50,0,0,0,0,0,0,,HeadGear,,,,,White,,,,,,,
Amiibo19,19,20,0,50,0,0,0,0,0,0,,HeadGear,,,,,White,,,,,,,
Amiibo20,20,21,0,50,0,0,0,0,0,0,,Hat,,,,,ikaLimeGreen,ikaOrange,Blue,Turquoise,DeepMagenta,DeepPink,,
Amiibo21,21,24,0,50,0,0,0,0,0,0,,Hat,,,,,Brown,,,,,,,
Amiibo22,22,25,0,50,0,0,0,0,0,0,,Hat,,,,,Brown,,,,,,,
Amiibo23,23,12,0,50,0,0,0,0,0,0,,HeadGear,,1,,,DarkBlue,,,,,,,
Amiibo24,24,15,0,50,0,0,0,0,0,0,,HeadGear,,1,,,Black,LimeGreen,,,,,,
Amiibo25,25,16,0,50,0,0,0,0,0,0,,HeadGear,,,,,StrongAzure,,,,,,,
Amiibo26,-1,0,0,50,0,0,0,0,0,0,,Hat,,,,,Favorite,Red,Yellow,Green,Blue,Pink,White,Black
Amiibo27,-1,0,0,50,0,0,0,0,0,0,,Hat,,,,,Favorite,Red,Yellow,Green,Blue,Pink,White,Black
Amiibo28,-1,0,0,50,0,0,0,0,0,0,,Hat,,,,,Favorite,Red,Yellow,Green,Blue,Pink,White,Black
Amiibo29,-1,0,0,50,0,0,0,0,0,0,,Hat,,,,,Favorite,Red,Yellow,Green,Blue,Pink,White,Black
Amiibo30,-1,0,0,50,0,0,0,0,0,0,,Hat,,,,,Favorite,Red,Yellow,Green,Blue,Pink,White,Black
Amiibo31,-1,0,0,50,0,0,0,0,0,0,,Hat,,,,,Favorite,Red,Yellow,Green,Blue,Pink,White,Black