Alien0,EnAlienA,3,16,22,14,1,"1.8,-5.7,10.7",Eye,,,,,,,Aging,20,100,,,,,,,,,,GROUP_ENEMY_ALIEN,,,,1,,,,
Alien1,EnAlienB,3,18,27,14,1.3,"1.8,-5.7,10.7",Eye,Boss,3,,,,,Aging,20,100,,,,,,,,,,GROUP_ENEMY_ALIEN,,,0,1,,,,
Alien2,EnAlienC,3,18,27,14,1.3,"1.8,-5.7,10.7",Eye,,,,,,,Aging,20,100,,,,,,,,,,GROUP_ENEMY_ALIEN,,,,1,,,,
Armor0,EnArmorA,3,24,31,16,1.3,"1.2,-3,10.1",Face,Boss,,Resurrect,60,,SE_ENEMY_ARMOR_SKILL,,,,,,,,,,,,,GROUP_ENEMY_ARMOR,,,1,1,,,,
Armor1,EnArmorB,3,20,26,16,1.1,"1.2,-3,10.1",Face,,,,,,,,,,,,,,,,,,,GROUP_ENEMY_ARMOR,,,,1,,,,
Armor2,EnArmorC,3,26,31,16,1.4,"1.2,-3,10.1",Face,,,,,,,,,,,,,,,,,,,GROUP_ENEMY_ARMOR,,,,1,,,,
Armor3,EnArmorA,3,24,31,16,1.3,"1.2,-3,10.1",Face,Boss,2,Resurrect,60,,SE_ENEMY_ARMOR_SKILL,,,,,,,,,,,,,GROUP_ENEMY_ARMOR,,,,,Armor0,,,
Banshee0,EnBansheeA,2,16,21,16,,"1.9,-5.3,7.4",Head_2,,,,,,,Cry,40,60,SE_ENEMY_BANSHEE_SKILL,,,,,,,,,GROUP_ENEMY_BANSHEE,,,,1,,,,
Banshee1,EnBansheeB,2,16,21,16,,"1.9,-5.3,7.4",Head_2,,,,,,,,,,,Magic,70,1,"SE_ENEMY_BANSHEE_SKILL_EFFECT_SNOW,SE_ENEMY_BANSHEE_SKILL_EFFECT_SNOW_HIT,SE_ENEMY_BANSHEE_SKILL_EFFECT_SNOW_HIT",,,,,GROUP_ENEMY_BANSHEE,,,,1,,,,
Banshee2,EnBansheeC,2,17,22,16,1.1,"1.9,-5.3,7.4",Head_2,,,,,,,Spite,40,60,SE_ENEMY_BANSHEE_SKILL_EFFECT_SING_SPITE,,,,,,,,,GROUP_ENEMY_BANSHEE,,,,1,,,,
Banshee3,EnBansheeD,2,18,24,16,1.2,"1.9,-5.3,7.4",Head_2,,,,,,,,,,,MagicDrain,70,1,"SE_ENEMY_GRIFFON_DRAIN,SE_ENEMY_GRIFFON_DRAIN_HIT",,,,,GROUP_ENEMY_BANSHEE,,,,1,,,,
Bomb0,EnBombA,2,16,18,16,0.55,"-2.1,-6.6,-12",Waist,,,Bomb,,1,,,,,,,,,,,,,,GROUP_ENEMY_BOMB,,,,1,,,,
Bomb1,EnBombB,2,18,18,16,0.7,"-2.1,-6.6,-12",Waist,,,Bomb,,1,,,,,,,,,,,,,,GROUP_ENEMY_BOMB,,,,1,,,,
Bomb2,EnBombC,2,23,18,16,0.8,"-2.1,-6.6,-12",Waist,,,Bomb,,1,,,,,,,,,,,,,,GROUP_ENEMY_BOMB,,,,1,,,,
Bread0,EnBreadA,3,24,22,14,0.9,"0.4,-1.6,-1.4",A_Waist,Boss,2,WideAttack,100,,,,,,,,,,,,,,,GROUP_ENEMY_BREAD_TRIO,,,2,1,,,,
Bread1,EnBreadB,2,18,22,14,0.9,"0.4,-1.6,-1.4",B_Waist,,,,,,,,,,,,,,,,,,,GROUP_ENEMY_BREAD,,,,1,,,,
Bread2,EnBreadC,2,24,22,14,0.9,"0.4,-1.6,-1.4",A_Waist,,,WideAttack,100,,,,,,,,,,,,,,,GROUP_ENEMY_BREAD_TRIO,,,,1,,,,
Bread3,EnBreadA,3,24,22,14,0.9,"0.4,-1.6,-1.4",A_Waist,Boss,2,WideAttack,100,,,,,,,,,,,,,,,GROUP_ENEMY_BREAD_TRIO,,,2,,Bread0,,,
Bread4,EnBreadA,3,24,22,14,0.9,"0.4,-1.6,-1.4",A_Waist,Boss,2,WideAttack,100,,,,,,,,,,,,,,,GROUP_ENEMY_BREAD_TRIO,,,2,,Bread0,,,
Burger0,EnBurgerA,3,28,30,28,,,Head,Boss,2,Eat,50,,"SE_ENEMY_BURGER_EAT_START,SE_ENEMY_BURGER_EAT",,,,,,,,,,,,,GROUP_ENEMY_BURGER,,,,1,,,,
Burger1,EnBurgerB,3,28,30,28,1,,Head,,,Eat,50,,"SE_ENEMY_BURGER_EAT_START,SE_ENEMY_BURGER_EAT",,,,,,,,,,,,,GROUP_ENEMY_BURGER,,,,1,,,,
Burger1_Boss,EnBurgerB,3,28,30,28,1,,Head,Boss,3,Eat,50,,"SE_ENEMY_BURGER_EAT_START,SE_ENEMY_BURGER_EAT",,,,,,,,,,,,,GROUP_ENEMY_BURGER,,,,,Burger1,,,
Burger2,EnBurgerC,3,28,30,28,1,,Head,,,Eat,50,,"SE_ENEMY_BURGER_EAT_START,SE_ENEMY_BURGER_EAT",,,,,,,,,,,,,GROUP_ENEMY_BURGER,,,,1,,,,
Burger2_Boss,EnBurgerC,3,28,30,28,1,,Head,Boss,3,Eat,50,,"SE_ENEMY_BURGER_EAT_START,SE_ENEMY_BURGER_EAT",,,,,,,,,,,,,GROUP_ENEMY_BURGER,,,,,Burger2,,,
Butterfly0,EnButterflyA,2,14,21,14,0.95,"0.5,-6.7,15.1",Waist,,,,,,,,,,,,,,,,,,,GROUP_ENEMY_BUTTERFLY,,,,1,,,,
Butterfly0_1,EnButterflyA,,14,21,14,0.95,"0.5,-6.7,15.1",Waist,,,,,,,,,,,,,,,,,,,GROUP_ENEMY_BUTTERFLY,,,,,Butterfly0,,,
Butterfly0_2,EnButterflyA,,14,21,14,0.95,"0.5,-6.7,15.1",Waist,,,,,,,,,,,,,,,,,,,GROUP_ENEMY_BUTTERFLY,,,,,Butterfly0,,,
Butterfly1,EnButterflyB,2,14,21,14,0.95,"0.5,-6.7,15.1",Waist,,,,,,,,,,,Magic,70,1,"SE_ENEMY_BUTTERFLY_BREATH_POISON,SE_ENEMY_BUTTERFLY_SKILL_HIT",,,,,GROUP_ENEMY_BUTTERFLY,,,,1,,,,
Butterfly2,EnButterflyC,2,26,28,14,1.7,"0.5,-6.7,15.1",Waist,Boss,2,,,,,,,,,MagicAll,50,1,"SE_ENEMY_BUTTERFLY_BREATH_POISON,SE_ENEMY_BUTTERFLY_SKILL_MAGIC_HIT",,,,,GROUP_ENEMY_BUTTERFLY,,,,1,,,,
Butterfly3,EnButterflyD,2,20,26,14,1.2,"0.5,-6.7,15.1",Waist,,,,,,,,,,,MagicAll,70,1,"SE_ENEMY_BUTTERFLY_BREATH_GLASS,SE_ENEMY_BUTTERFLY_SKILL_GLASS_HIT",,,,,GROUP_ENEMY_BUTTERFLY,,,,1,,,,
Butterfly4,EnButterflyE,2,26,28,14,1.7,"0.5,-6.7,15.1",Waist,Boss,2,,,,,,,,,,,,,,,,,GROUP_ENEMY_BUTTERFLY,,,,1,,,,
Butterfly5,EnButterflyF,1,8,21,14,0.75,"0.5,-6.7,15.1",Waist,,,,,,,,,,,,,,,,,,,GROUP_ENEMY_BUTTERFLY,,,,1,,,,
Butterfly6,EnButterflyG,1,8,21,14,0.75,"0.5,-6.7,15.1",Waist,,,,,,,,,,,,,,,,,,,GROUP_ENEMY_BUTTERFLY,,,,1,,,,
Butterfly7,EnButterflyH,1,8,21,14,0.75,"0.5,-6.7,15.1",Waist,,,,,,,,,,,,,,,,,,,GROUP_ENEMY_BUTTERFLY,,,,1,,,,
Butterfly8,EnButterflyC,2,26,28,14,1.7,"0.5,-6.7,15.1",Waist,Boss,2,,,,,,,,,MagicAll,50,1,"SE_ENEMY_BUTTERFLY_BREATH_POISON,SE_ENEMY_BUTTERFLY_SKILL_MAGIC_HIT",,,,,GROUP_ENEMY_BUTTERFLY,,,,,Butterfly2,,,
Butterfly9,EnButterflyE,2,26,28,14,1.7,"0.5,-6.7,15.1",Waist,Boss,2,,,,,,,,,MagicAll,50,1,"SE_ENEMY_BUTTERFLY_BREATH_POISON,SE_ENEMY_BUTTERFLY_SKILL_MAGIC_HIT",,,,,GROUP_ENEMY_BUTTERFLY,,,,,Butterfly4,,,
ButterflyDemo0,EnButterflyA,,14,21,14,0.95,"0.5,-6.7,15.1",Waist,,,,,,,,,,,,,,,,,,,GROUP_ENEMY_BUTTERFLY,,,,,,,,
ButterflyDemo1,EnButterflyA,,14,21,14,0.6,"0.5,-6.7,15.1",Waist,,,,,,,,,,,,,,,,,,,GROUP_ENEMY_BUTTERFLY,,,,,,,,
ButterflyDemo2,EnButterflyA,,14,21,14,0.95,"0.5,-6.7,15.1",Waist,,,,,,,,,,,,,,,,,,,GROUP_ENEMY_BUTTERFLY,,,,,,,,
Cactus0,EnCactusA,2,18,28,18,0.65,,M_Waist,,,WideAttack,100,,,,,,,,,,,,,,,GROUP_ENEMY_CACTUS,,,,1,,,,
Cactus1,EnCactusB,2,18,28,18,0.75,,S_Waist,,,,,,,,,,,,,,,,,,,GROUP_ENEMY_CACTUS,,,,1,,,,
Cactus2,EnCactusC,2,18,18,18,0.75,,Waist,,,,,,,,,,,,,,,,,,,GROUP_ENEMY_CACTUS,,,,1,,,,
Cerberus0,EnCerberusA,4,30,32,30,1.35,"0,-3.8,-1.8",Head,Boss,3,,,,,Nightmare,20,100,SE_ENEMY_CERBERUS_SKILL_EFFECT_SLEEP,MagicWide,30,1,"SE_ENEMY_CERBERUS_SKILL_EFFECT_SNOW,SE_ENEMY_CERBERUS_SKILL_EFFECT_SNOW_HIT",MagicAll,50,0.6,"SE_ENEMY_CERBERUS_SKILL_EFFECT_FIRE,SE_ENEMY_CERBERUS_SKILL_EFFECT_FIRE_HIT",GROUP_ENEMY_CERBERUS,,,3,1,,,,
Cerberus1,EnCerberusC,4,31,32,30,1.25,"0,-3.8,-1.8",Head,,3,,,,,Nightmare,20,100,SE_ENEMY_CERBERUS_SKILL_EFFECT_SLEEP,MagicWide,30,1,"SE_ENEMY_CERBERUS_SKILL_EFFECT_SNOW,SE_ENEMY_CERBERUS_SKILL_EFFECT_SNOW_HIT",MagicAll,50,0.6,"SE_ENEMY_CERBERUS_SKILL_EFFECT_FIRE,SE_ENEMY_CERBERUS_SKILL_EFFECT_FIRE_HIT",GROUP_ENEMY_CERBERUS,,,,1,,,,
Cerberus2,EnCerberusE,4,32,34,30,1.5,"0,-3.8,-1.8",Head,Boss,3,,,,,Nightmare,20,100,SE_ENEMY_CERBERUS_SKILL_EFFECT_SLEEP,MagicWide,30,1,"SE_ENEMY_CERBERUS_SKILL_EFFECT_SNOW,SE_ENEMY_CERBERUS_SKILL_EFFECT_SNOW_HIT",MagicAll,50,0.6,"SE_ENEMY_CERBERUS_SKILL_EFFECT_FIRE,SE_ENEMY_CERBERUS_SKILL_EFFECT_FIRE_HIT",GROUP_ENEMY_CERBERUS,,,6,1,,,,
Cerberus3,EnCerberusD,4,33,36,30,1.55,"0,-3.8,-1.8",Head,Boss,3,,,,,Nightmare,20,100,SE_ENEMY_CERBERUS_SKILL_EFFECT_SLEEP,MagicWide,30,1,"SE_ENEMY_CERBERUS_SKILL_EFFECT_SNOW,SE_ENEMY_CERBERUS_SKILL_EFFECT_SNOW_HIT",MagicAll,50,0.6,"SE_ENEMY_CERBERUS_SKILL_EFFECT_FIRE,SE_ENEMY_CERBERUS_SKILL_EFFECT_FIRE_HIT",GROUP_ENEMY_CERBERUS,,,,1,,,,
CerberusDemo0,EnCerberusB,,30,28,30,1.35,"0,-3.8,-1.8",Head,,3,,,,,Nightmare,20,100,SE_ENEMY_CERBERUS_SKILL_EFFECT_SLEEP,MagicWide,30,1,"SE_ENEMY_CERBERUS_SKILL_EFFECT_SNOW,SE_ENEMY_CERBERUS_SKILL_EFFECT_SNOW_HIT",MagicAll,50,0.6,"SE_ENEMY_CERBERUS_SKILL_EFFECT_FIRE,SE_ENEMY_CERBERUS_SKILL_EFFECT_FIRE_HIT",GROUP_ENEMY_CERBERUS,,,,,,,,
Cloud0,EnCloudA,2,18,17,18,1,"0,-6.3,18.4",Waist,,,,,,,,,,,MagicHeal,100,1,"SE_ENEMY_CLOUD_SKILL,SE_ENEMY_CLOUD_SKILL_RAIN",,,,,GROUP_ENEMY_CLOUD,,,,1,,,,
Cloud1,EnCloudB,2,18,17,18,1,"0,-6.3,18.4",Waist,,,,,,,,,,,Magic,80,1,"SE_ENEMY_CLOUD_ELEC_SKILL,SE_ENEMY_CLOUD_ELEC_SKILL_THUNDER,SE_ENEMY_CLOUD_ELEC_SKILL_THUNDER_HIT",,,,,GROUP_ENEMY_CLOUD_ELEC,,,,1,,,,
Cloud2,EnCloudC,2,26,28,18,1.7,"0,-6.3,18.4",Waist,Boss,2,,,,,,,,,MagicAll,30,1,"SE_ENEMY_CLOUD_ELEC_SKILL,SE_ENEMY_CLOUD_ELEC_SKILL_THUNDER,SE_ENEMY_CLOUD_ELEC_SKILL_THUNDER_DARK_HIT",,,,,GROUP_ENEMY_CLOUD_ELEC,,,7,1,,,,
Cloud3,EnCloudD,2,22,22,18,1.3,"0,-6.3,18.4",Waist,,,,,,,,,,,MagicHealAll,100,1,"SE_ENEMY_CLOUD_SKILL,SE_ENEMY_CLOUD_SKILL_RAIN",,,,,GROUP_ENEMY_CLOUD,,,,1,,,,
Cloud4,EnCloudC,2,26,28,18,1.7,"0,-6.3,18.4",Waist,Boss,2,,,,,,,,,MagicAll,50,1,"SE_ENEMY_CLOUD_ELEC_SKILL,SE_ENEMY_CLOUD_ELEC_SKILL_THUNDER,SE_ENEMY_CLOUD_ELEC_SKILL_THUNDER_DARK_HIT",,,,,GROUP_ENEMY_CLOUD_ELEC,,,,,Cloud2,,,
Cobra0,EnCobraA,2,22,30,22,1.1,"0,-2.6,-2.9",Face_1,Boss,2,Summon,20,,"SE_ENEMY_COBRA_SKILL,SE_ENEMY_COBRA_SKILL_EFFECT,SE_ENEMY_COBRA_SKILL_EFFECT_HIT",,,,,,,,,,,,,GROUP_ENEMY_COBRA,,,,1,,,,
Cobra1,EnCobraB,2,16,22,16,0.7,,Face_1,,,,,,,,,,,,,,,,,,,GROUP_ENEMY_COBRA,,,,1,,,,
Cobra2,EnCobraC,2,17,23,16,0.8,,Face_1,,,,,,,,,,,Magic,70,1,"SE_ENEMY_COBRA_SKILL,SE_ENEMY_COBRA_SKILL_EFFECT,SE_ENEMY_COBRA_SKILL_EFFECT_HIT",,,,,GROUP_ENEMY_COBRA,,,,1,,,,
Cobra3,EnCobraD,2,22,30,18,1,,Face_1,,,,,,,,,,,Magic,70,1,"SE_ENEMY_COBRA_SKILL,SE_ENEMY_COBRA_SKILL_EFFECT,SE_ENEMY_COBRA_SKILL_EFFECT_HIT",,,,,GROUP_ENEMY_COBRA,,,,1,,,,
Cobra4,EnCobraA,2,22,30,22,1.1,"0,-2.6,-2.9",Face_1,Boss,2,Summon,50,,"SE_ENEMY_COBRA_SKILL,SE_ENEMY_COBRA_SKILL_EFFECT,SE_ENEMY_COBRA_SKILL_EFFECT_HIT",,,,,,,,,,,,,GROUP_ENEMY_COBRA,,,,,Cobra0,,,
Cobra5,EnCobraA,2,22,30,22,1.1,"0,-2.6,-2.9",Face_1,Boss,2,Summon,50,,"SE_ENEMY_COBRA_SKILL,SE_ENEMY_COBRA_SKILL_EFFECT,SE_ENEMY_COBRA_SKILL_EFFECT_HIT",,,,,,,,,,,,,GROUP_ENEMY_COBRA,,,,,Cobra0,,,
Crystal0,EnCrystalA,2,12,14,18,,,Waist,,,,,,,,,,,,,,,,,,,GROUP_ENEMY_CRYSTAL,,,,1,,,,
Crystal1,EnCrystalB,2,14,16,18,1.2,,Waist,,,,,,,,,,,,,,,,,,,GROUP_ENEMY_CRYSTAL,,,,1,,,,
Crystal2,EnCrystalC,2,16,22,18,1.6,,Waist,,,,,,,,,,,,,,,,,,,GROUP_ENEMY_CRYSTAL,,,,1,,,,
Demon0,EnDemonA,3,22,27,18,0.8,"1.7,0.8,-11.3",Head_1,Boss,3,,,,,Anxious,25,30,"SE_ENEMY_DEMON_SKILL_1,SE_ENEMY_DEMON_SKILL_2",,,,,,,,,GROUP_ENEMY_DEMON,,,8,1,,,,
Demon1,EnDemonB,3,20,26,14,0.7,"1.7,0.8,-11.3",Head_1,,,,,,,AnxiousAll,40,20,"SE_ENEMY_DEMON_SKILL_1,SE_ENEMY_DEMON_SKILL_2",,,,,,,,,GROUP_ENEMY_DEMON,,,,1,,,,
Demon2,EnDemonC,3,22,34,14,1,"1.7,0.8,-11.3",Head_1,,,,,,,AnxiousAll,40,20,"SE_ENEMY_DEMON_SKILL_1,SE_ENEMY_DEMON_SKILL_2",,,,,,,,,GROUP_ENEMY_DEMON,,,,1,,,,
Demon3,EnDemonA,3,22,27,18,0.8,"1.7,0.8,-11.3",Head_1,Boss,3,,,,,Anxious,25,30,"SE_ENEMY_DEMON_SKILL_1,SE_ENEMY_DEMON_SKILL_2",,,,,,,,,GROUP_ENEMY_DEMON,,,,,Demon0,,,
Devil0,EnDevilA,2,14,18,18,0.7,"1.6,-4.8,0",Head_2,,,,,,,Spite,25,60,"SE_ENEMY_DEVIL_SPITE_1,SE_ENEMY_DEVIL_SPITE_2",,,,,,,,,GROUP_ENEMY_DEVIL,,,,1,,,,
Devil1,EnDevilB,2,20,22,24,0.9,"1.6,-4.8,0",Head_2,,2,,,,,Spite,25,60,"SE_ENEMY_DEVIL_SPITE_1,SE_ENEMY_DEVIL_SPITE_2",,,,,,,,,GROUP_ENEMY_DEVIL,,,,1,,,,
Devil1_Boss,EnDevilB,2,20,22,24,0.9,"1.6,-4.8,0",Head_2,Boss,2,,,,,Spite,25,60,"SE_ENEMY_DEVIL_SPITE_1,SE_ENEMY_DEVIL_SPITE_2",,,,,,,,,GROUP_ENEMY_DEVIL,,,,,Devil1,,,
Devil2,EnDevilC,2,20,22,24,0.8,"1.6,-4.8,0",Head_2,,,,,,,,,,,Magic,90,50,"SE_ENEMY_DEVIL_DEATH_REAPER_1,SE_ENEMY_DEVIL_DEATH_REAPER_2,SE_ENEMY_DEVIL_DEATH_REAPER_HIT",,,,,GROUP_ENEMY_DEVIL_DEATH,,,,1,,,,
Devil3,EnDevilD,2,22,24,24,1,"1.6,-4.8,0",Head_2,,,,,,,,,,,Magic,70,1,"SE_ENEMY_DEVIL_DEATH_FORK_1,SE_ENEMY_DEVIL_DEATH_FORK_2,SE_ENEMY_DEVIL_DEATH_FORK_HIT",,,,,GROUP_ENEMY_DEVIL_DEATH,,,,1,,,,
Devil4,EnDevilC,2,23,27,28,1,"1.6,-4.8,0",Head_2,,,,,,,,,,,Magic,90,50,"SE_ENEMY_DEVIL_DEATH_REAPER_1,SE_ENEMY_DEVIL_DEATH_REAPER_2,SE_ENEMY_DEVIL_DEATH_REAPER_HIT",,,,,GROUP_ENEMY_DEVIL_DEATH,,,,1,,,,
Devil5,EnDevilE,2,20,22,24,0.8,"1.6,-4.8,0",Head_2,,,Cover,80,,,,,,,,,,,,,,,GROUP_ENEMY_DEVIL,,,,,Devil6,,,
Devil6,EnDevilF,2,20,22,24,0.8,"1.6,-4.8,0",Head_2,Boss,2,,,,,,,,,Magic,50,1,"SE_ENEMY_DEVIL_DEATH_FORK_1,SE_ENEMY_DEVIL_DEATH_FORK_2,SE_ENEMY_DEVIL_DEATH_FORK_HIT",,,,,GROUP_ENEMY_DEVIL,,,,1,,,,
Devil7,EnDevilF,2,20,22,24,0.8,"1.6,-4.8,0",Head_2,Boss,2,,,,,,,,,Magic,50,1,"SE_ENEMY_DEVIL_DEATH_FORK_1,SE_ENEMY_DEVIL_DEATH_FORK_2,SE_ENEMY_DEVIL_DEATH_FORK_HIT",,,,,GROUP_ENEMY_DEVIL,,,,,Devil6,,,
Devil8,EnDevilF,2,20,22,24,0.8,"1.6,-4.8,0",Head_2,Boss,3,,,,,,,,,Magic,50,1,"SE_ENEMY_DEVIL_DEATH_FORK_1,SE_ENEMY_DEVIL_DEATH_FORK_2,SE_ENEMY_DEVIL_DEATH_FORK_HIT",,,,,GROUP_ENEMY_DEVIL,,,,,Devil6,,,
Devil9,EnDevilF,2,20,22,24,0.8,"1.6,-4.8,0",Head_2,Boss,3,,,,,,,,,Magic,50,1,"SE_ENEMY_DEVIL_DEATH_FORK_1,SE_ENEMY_DEVIL_DEATH_FORK_2,SE_ENEMY_DEVIL_DEATH_FORK_HIT",,,,,GROUP_ENEMY_DEVIL,,,,,Devil6,,,
Dog0,EnDogA,3,17,20,18,1.5,"0,-7.4,18",Muc_Head,Boss,3,,,,,,,,,MagicHeal,100,1,"SE_ENEMY_DOG_SKILL_1,SE_ENEMY_DOG_SKILL_2",,,,,GROUP_ENEMY_DOG,,,9,1,,,,
Dog1,EnDogC,3,15,18,18,1.3,"0,-7.4,18",Muc_Head,,,,,,,,,,,MagicHeal,100,1,"SE_ENEMY_DOG_SKILL_1,SE_ENEMY_DOG_SKILL_2",,,,,GROUP_ENEMY_DOG,,,,1,,,,
Dog2,EnDogD,3,18,20,18,1.5,"0,-7.4,18",Muc_Head,,,,,,,,,,,MagicHeal,100,1,"SE_ENEMY_DOG_SKILL_1,SE_ENEMY_DOG_SKILL_2",,,,,GROUP_ENEMY_DOG,,,,1,,,,
DogDemo0,EnDogB,,18,18,18,1,,Head_1,,,,,,,,,,,,,,,,,,,GROUP_ENEMY_DOG,,,,,,,,
Dragon0,EnDragonPartsA,4,90,45,35,1,,Forehead,"Boss,VisibleDeath",2,MagicAll,,1,SE_ENEMY_DRAGON_ATTACK_FIRE,,,,,MagicTerror,30,1,"SE_ENEMY_DRAGON_SKILL,SE_ENEMY_DRAGON_SKILL_EFFECT_HIT",,,,,GROUP_ENEMY_DRAGON,,,,1,,,,
Dragon1,EnDragonPartsB,4,48,45,35,0.7,,Forehead,,2,MagicAll,,1,"SE_ENEMY_DRAGON_ATTACK_EFFECT,SE_ENEMY_DRAGON_ATTACK_EFFECT_HIT",,,,,MagicTerror,30,1,"SE_ENEMY_DRAGON_SKILL,SE_ENEMY_DRAGON_SKILL_EFFECT_HIT",,,,,GROUP_ENEMY_DRAGON,,,,1,,,,
Dragon2,EnDragonPartsC,4,65,45,30,1,,Forehead,,2,MagicAll,,1,"SE_ENEMY_DRAGON_ATTACK_EFFECT,SE_ENEMY_DRAGON_ATTACK_EFFECT_HIT",,,,,MagicTerror,30,1,"SE_ENEMY_DRAGON_SKILL,SE_ENEMY_DRAGON_SKILL_EFFECT_HIT",,,,,GROUP_ENEMY_DRAGON,,,,1,,,,
Dragon2_Boss,EnDragonPartsC,4,90,45,35,1,,Forehead,Boss,2,MagicAll,,1,"SE_ENEMY_DRAGON_ATTACK_EFFECT,SE_ENEMY_DRAGON_ATTACK_EFFECT_HIT",,,,,MagicTerror,30,1,"SE_ENEMY_DRAGON_SKILL,SE_ENEMY_DRAGON_SKILL_EFFECT_HIT",,,,,GROUP_ENEMY_DRAGON,,,,,Dragon2,,,
Dragon3,EnDragonPartsD,4,90,45,35,1,,Forehead,Boss,2,MagicAll,,1,"SE_ENEMY_DRAGON_ATTACK_EFFECT,SE_ENEMY_DRAGON_ATTACK_EFFECT_HIT",,,,,MagicTerror,50,1,"SE_ENEMY_DRAGON_SKILL,SE_ENEMY_DRAGON_SKILL_EFFECT_HIT",,,,,GROUP_ENEMY_DRAGON,,,,1,,,,
DragonDemo0,EnDragonA,,46,37,46,1,,Forehead,,2,,,,,,,,,MagicAll,30,1,,,,,,GROUP_ENEMY_DRAGON,,,,,,,,
DragonMap0,EnDragonB,,46,37,46,0.85,,Forehead,,2,,,,,,,,,MagicAll,30,1,,,,,,GROUP_ENEMY_DRAGON,,,,,,,,
EatPlant0,EnEatPlantA,3,24,25,24,1,,Tongue_1,,,Eat,80,,"SE_ENEMY_EATPLANT_EAT_START,SE_ENEMY_EATPLANT_EAT_END",,,,,,,,,,,,,GROUP_ENEMY_EATPLANT,,,,1,,,,
EatPlant1,EnEatPlantB,3,24,25,24,1,,Tongue_1,,,Eat,80,,"SE_ENEMY_EATPLANT_EAT_START,SE_ENEMY_EATPLANT_EAT_END",,,,,,,,,,,,,GROUP_ENEMY_EATPLANT,,,,1,,,,
EatPlant2,EnEatPlantC,3,22,25,24,0.8,,Tongue_1,,,EatBanana,80,,"SE_ENEMY_EATPLANT_EAT_START,SE_ENEMY_EATPLANT_EAT_END",,,,,,,,,,,,,GROUP_ENEMY_EATPLANT,,,,1,,,,
Excite0,EnExciteA,3,18,27,22,1,,Head,,,,,,,ExciteGuitar,30,70,,,,,,,,,,GROUP_ENEMY_EXCITE,,,,1,,,,
Excite1,EnExciteB,3,20,29,22,1.2,,Head,,,,,,,ExciteGuitar,30,70,,,,,,,,,,GROUP_ENEMY_EXCITE,,,,1,,,,
Excite2,EnExciteC,3,20,29,22,1.2,,Head,,,,,,,ExciteGuitar,30,70,,,,,,,,,,GROUP_ENEMY_EXCITE,,,,1,,,,
Fluff0,EnFluffA,2,20,25,20,1,,Waist,,,,,,,,,,,,,,,,,,,GROUP_ENEMY_FLUFF,,,,1,,,,
Fluff1,EnFluffB,2,15,25,20,1,,Waist,,,,,,,,,,,,,,,,,,,GROUP_ENEMY_FLUFF,,,,1,,,,
Fluff2,EnFluffC,2,10,25,20,1,,Waist,,,,,,,,,,,,,,,,,,,GROUP_ENEMY_FLUFF,,,,1,,,,
Fluff3,EnFluffD,2,19,28,20,1.05,,Waist,,,,,,,,,,,,,,,,,,,GROUP_ENEMY_FLUFF,,,,1,,,,
Fluff4,EnFluffE,2,17,30,20,1.1,,Waist,,,,,,,,,,,,,,,,,,,GROUP_ENEMY_FLUFF,,,,1,,,,
Fluff5,EnFluffF,2,21,32,20,1.15,,Waist,,,,,,,,,,,,,,,,,,,GROUP_ENEMY_FLUFF,,,,1,,,,
Fluff6,EnFluffG,1,8,25,20,1,,Waist,,,,,,,,,,,,,,,,,,,GROUP_ENEMY_FLUFF,,,,1,,,,
Fluff7,EnFluffH,1,8,25,20,1,,Waist,,,,,,,,,,,,,,,,,,,GROUP_ENEMY_FLUFF,,,,1,,,,
Fluff8,EnFluffI,1,8,25,20,1,,Waist,,,,,,,,,,,,,,,,,,,GROUP_ENEMY_FLUFF,,,,1,,,,
Fossil0,EnFossilA,2,10,20,12,0.8,,Waist,,,,,,,,,,,,,,,,,,,GROUP_ENEMY_FOSSIL,,,,1,,,,
Fossil1,EnFossilB,2,12,22,12,1,,Waist,,2,,,,,,,,,,,,,,,,,GROUP_ENEMY_FOSSIL,,,,1,,,,
Fossil2,EnFossilC,2,14,24,12,1.4,,Waist,,,,,,,,,,,,,,,,,,,GROUP_ENEMY_FOSSIL,,,,1,,,,
Fossil3,EnFossilD,1,8,20,12,0.7,,Waist,,,,,,,,,,,,,,,,,,,GROUP_ENEMY_FOSSIL,,,,1,,,,
Fossil4,EnFossilE,1,8,20,12,0.7,,Waist,,,,,,,,,,,,,,,,,,,GROUP_ENEMY_FOSSIL,,,,1,,,,
Fossil5,EnFossilF,1,8,20,12,0.7,,Waist,,,,,,,,,,,,,,,,,,,GROUP_ENEMY_FOSSIL,,,,1,,,,
Frog0,EnFrogA,4,32,28,46,1.4,"-0.4,-5.8,7.6",Spine,Boss,2,WideShot,,,SE_ENEMY_FROG_WATER_HIT,,,,,BadBreath,50,1,"SE_ENEMY_FROG_BREATH,SE_ENEMY_FROG_BREATH_EFFECT,SE_ENEMY_FROG_BREATH_EFFECT_HIT",,,,,GROUP_ENEMY_FROG,,,,1,,,,
Frog1,EnFrogB,4,33,29,46,1.45,"-0.4,-5.8,7.6",Spine,Boss,2,WideShot,,,SE_ENEMY_FROG_WATER_HIT,,,,,BadBreath,50,1,"SE_ENEMY_FROG_BREATH,SE_ENEMY_FROG_BREATH_EFFECT,SE_ENEMY_FROG_BREATH_EFFECT_HIT",,,,,GROUP_ENEMY_FROG,,,,1,,,,
Frog2,EnFrogC,4,34,30,46,1.5,"-0.4,-5.8,7.6",Spine,Boss,2,WideShot,,,SE_ENEMY_FROG_WATER_HIT,,,,,BadBreath,50,1,"SE_ENEMY_FROG_BREATH,SE_ENEMY_FROG_BREATH_EFFECT,SE_ENEMY_FROG_BREATH_EFFECT_HIT",,,,,GROUP_ENEMY_FROG,,,10,1,,,,
Frog3,EnFrogD,4,34,30,46,1.5,"-0.4,-5.8,7.6",Spine,Boss,2,WideShot,,,SE_ENEMY_FROG_WATER_HIT,,,,,BadBreath,50,1,"SE_ENEMY_FROG_BREATH,SE_ENEMY_FROG_BREATH_EFFECT,SE_ENEMY_FROG_BREATH_EFFECT_HIT",,,,,GROUP_ENEMY_FROG,,,,1,,,,
Frog4,EnFrogE,4,35,30,46,1.5,"-0.4,-5.8,7.6",Spine,Boss,2,WideShot,,,SE_ENEMY_FROG_WATER_HIT,,,,,BadBreath,50,1,"SE_ENEMY_FROG_BREATH,SE_ENEMY_FROG_BREATH_EFFECT,SE_ENEMY_FROG_BREATH_EFFECT_HIT",,,,,GROUP_ENEMY_FROG,,,,1,,,,
Goblin0,EnGoblinA,2,16,18,16,,,Head_2,,,,,,,,,,,,,,,,,,,GROUP_ENEMY_GOBLIN,,,,1,,,,
Goblin0_Dish,EnGoblinA,2,16,18,16,,,Head_2,,,,,,,,,,,,,,,,,,,GROUP_ENEMY_GOBLIN,,,,,Goblin0,,,
GoblinFairy,EnGoblinD,2,13,18,16,0.7,,Head_2,,,,,,,,,,,,,,,,,,,GROUP_ENEMY_GOBLIN,,,,1,,,,
GoblinMagic,EnGoblinB,2,16,18,16,,,Head_2,,,,,,,,,,,Magic,70,1,"SE_ENEMY_GOBLIN_SKILL_EFFECT,SE_ENEMY_GOBLIN_MAGIC_HIT",,,,,GROUP_ENEMY_GOBLIN,,,,1,,,,
GoblinRed,EnGoblinC,2,16,18,16,,,Head_2,,,,,,,Angry,60,100,SE_ENEMY_GOBLIN_SKILL_TEASE,,,,,,,,,GROUP_ENEMY_GOBLIN,,,,1,,,,
GoblinRobot,EnGoblinE,2,17,19,16,1.1,,Head_2,,,,,,,,,,,,,,,,,,,GROUP_ENEMY_GOBLIN_MECHA,,,,1,,,,
GoblinSpace,EnGoblinF,2,18,20,16,1.2,,Head_2,,,,,,,,,,,,,,,,,,,GROUP_ENEMY_GOBLIN_SPACE,,,,1,,,,
Golem0,EnGolemA,3,36,20,36,1,"0,-2.4,0",Waist,Boss,2,,,,,,,,,,,,,,,,,GROUP_ENEMY_GOLEM,,,,1,,,,
Golem1,EnGolemF,3,37,23,36,1.1,"0,-2.4,0",Waist,Boss,3,,,,,,,,,,,,,,,,,GROUP_ENEMY_GOLEM,,,11,1,,,,
Golem2,EnGolemB,3,40,24,36,1.2,"0,-2.4,0",Waist,Boss,3,,,,,,,,,,,,,,,,,GROUP_ENEMY_GOLEM,,,12,1,,,,
Golem3,EnGolemC,3,30,23,36,0.75,"0,-2.4,0",Waist,,,Cover,80,,,,,,,,,,,,,,,GROUP_ENEMY_GOLEM,,,,1,,,,
Golem4,EnGolemD,3,37,24,36,1.1,"0,-2.4,0",Waist,Boss,2,WideAttack,100,,,,,,,,,,,,,,,GROUP_ENEMY_GOLEM,,,13,1,,,,
Golem5,EnGolemE,3,28,24,36,0.75,"0,-2.4,0",Waist,Boss,2,Cover,80,,,,,,,,,,,,,,,GROUP_ENEMY_GOLEM,,,,1,,,,
Golem6,EnGolemA,3,36,20,36,1,"0,-2.4,0",Waist,Boss,2,,,,,,,,,,,,,,,,,GROUP_ENEMY_GOLEM,,,,,Golem0,,,
Gorilla0,EnGorillaA,4,32,30,36,0.85,"0,3.8,0",Head_1,"Boss,SkipCutIn",2,HardAttack,100,1.5,,,,,,MagicAll,30,1,"SE_ENEMY_GORILLA_SKILL_EFFECT,SE_ENEMY_GORILLA_SPIN_PUNCH,SE_ENEMY_GORILLA_SPIN_PUNCH_HIT",,,,,GROUP_ENEMY_GORILLA,,,,1,,,,
Gorilla1,EnGorillaB,4,33,31,36,0.9,"0,3.8,0",Head_1,Boss,2,HardAttack,100,1.5,,,,,,MagicAll,30,1,"SE_ENEMY_GORILLA_SKILL_EFFECT,SE_ENEMY_GORILLA_SPIN_PUNCH,SE_ENEMY_GORILLA_SPIN_PUNCH_HIT",,,,,GROUP_ENEMY_GORILLA,,,,1,,,,
Gorilla2,EnGorillaC,4,34,32,36,0.95,"0,3.8,0",Head_1,,2,HardAttack,100,1.5,,,,,,MagicAll,30,1,"SE_ENEMY_GORILLA_SKILL_EFFECT,SE_ENEMY_GORILLA_SPIN_PUNCH,SE_ENEMY_GORILLA_SPIN_PUNCH_HIT",,,,,GROUP_ENEMY_GORILLA,,,,1,,,,
Gorilla2_Boss,EnGorillaC,4,34,32,36,0.95,"0,3.8,0",Head_1,Boss,3,HardAttack,100,1.5,,,,,,MagicAll,30,1,"SE_ENEMY_GORILLA_SKILL_EFFECT,SE_ENEMY_GORILLA_SPIN_PUNCH,SE_ENEMY_GORILLA_SPIN_PUNCH_HIT",,,,,GROUP_ENEMY_GORILLA,,,,,Gorilla2,,,
Gremlin0,EnGremlinA,3,25,24,16,1,,Head,,,,,,,,,,,MagicAll,40,1,"SE_ENEMY_GREMLIN_SKILL_EFFECT,SE_ENEMY_GREMLIN_SKILL_EFFECT_HIT",,,,,GROUP_ENEMY_GREMLIN,,,,1,,,,
Gremlin1,EnGremlinB,3,25,24,16,1,,Head,,,,,,,,,,,MagicAll,40,1,"SE_ENEMY_GREMLIN_SKILL_EFFECT,SE_ENEMY_GREMLIN_SKILL_EFFECT_HIT",,,,,GROUP_ENEMY_GREMLIN,,,,1,,,,
Gremlin2,EnGremlinC,3,30,27,16,1.2,,Head,,,,,,,,,,,MagicAll,40,1,"SE_ENEMY_GREMLIN_SKILL_EFFECT,SE_ENEMY_GREMLIN_SKILL_EFFECT_HIT",,,,,GROUP_ENEMY_GREMLIN,,,,1,,,,
Griffon0,EnGriffonA,4,40,26,40,1,,Bill,,3,,,,,CryTerror,10,60,SE_ENEMY_GRIFFON_SKILL,,,,,,,,,GROUP_ENEMY_GRIFFON,,,,1,,,,
Griffon0_Boss,EnGriffonA,4,40,26,40,1,,Bill,Boss,3,,,,,CryTerror,10,60,SE_ENEMY_GRIFFON_SKILL,,,,,,,,,GROUP_ENEMY_GRIFFON,,,,,Griffon0,,,
Griffon1,EnGriffonB,4,32,24,30,0.85,,Bill,,,,,,,,,,,MagicAll,40,1,"SE_ENEMY_GRIFFON_SKILL,SE_ENEMY_GRIFFON_SNOW_ATTACK,SE_ENEMY_GRIFFON_SNOW_ATTACK_HIT",,,,,GROUP_ENEMY_GRIFFON,,,,1,,,,
Griffon2,EnGriffonC,4,30,22,30,0.75,,Bill,,2,,,,,,,,,MagicDrain,40,1,"SE_ENEMY_GRIFFON_SKILL,SE_ENEMY_GRIFFON_DRAIN,SE_ENEMY_GRIFFON_DRAIN_HIT",,,,,GROUP_ENEMY_GRIFFON,,,,1,,,,
GriffonDemo0,EnGriffonD,,30,20,30,0.45,,Bill,,,,,,,,,,,MagicDrain,40,1,"SE_ENEMY_GRIFFON_SKILL,SE_ENEMY_GRIFFON_DRAIN,SE_ENEMY_GRIFFON_DRAIN_HIT",,,,,GROUP_ENEMY_GRIFFON,,,,,,,,
Hammer0,EnHammerA,2,18,24,18,0.8,"0,3.4,-11.2",Waist,,,CryAttack,40,1,"SE_ENEMY_HAMMER_CRY,SE_ENEMY_HAMMER_CRY_HIT",,,,,,,,,,,,,GROUP_ENEMY_HAMMER,,,,1,,,,
Hammer1,EnHammerB,2,22,30,18,1,"0,3.4,-11.2",Waist,Boss,3,TerrorAttack,20,1,"SE_ENEMY_HAMMER_CRY,SE_ENEMY_HAMMER_CRY_HIT",,,,,,,,,,,,,GROUP_ENEMY_HAMMER,,,14,1,,,,
Hammer2,EnHammerC,2,22,30,18,1,"0,3.4,-11.2",Waist,,,CryAttack,40,1,"SE_ENEMY_HAMMER_CRY,SE_ENEMY_HAMMER_CRY_HIT",,,,,,,,,,,,,GROUP_ENEMY_HAMMER,,,,1,,,,
Harpy0,EnHarpyA,2,18,22,18,1,,Head,,,,,,,Blow,20,100,,,,,,,,,,GROUP_ENEMY_HARPY,,,,1,,,,
Harpy1,EnHarpyB,2,19,24,18,1.1,,Head,,,,,,,Blow,20,100,,,,,,,,,,GROUP_ENEMY_HARPY,,,,1,,,,
Harpy2,EnHarpyC,2,20,26,18,1.2,,Head,,,,,,,Blow,20,100,,,,,,,,,,GROUP_ENEMY_HARPY,,,,1,,,,
Hieroglyph0,EnHieroglyphA,2,10,18,12,0.8,,Waist,,,,,,,,,,,,,,,,,,,GROUP_ENEMY_HIEROGLYPH,,,,1,,,,
Hieroglyph1,EnHieroglyphB,2,12,21,12,1,,Waist,,,,,,,,,,,,,,,,,,,GROUP_ENEMY_HIEROGLYPH,,,,1,,,,
Hieroglyph2,EnHieroglyphC,2,14,24,12,1.4,,Waist,,,,,,,,,,,,,,,,,,,GROUP_ENEMY_HIEROGLYPH,,,,1,,,,
IceQueen0,EnIceQueenA,4,30,28,46,0.95,"-0.8,7,19.9",Head_2,Boss,2,,,,,Spite,25,30,"SE_ENEMY_ICEQUEEN_SKILL,SE_ENEMY_BANSHEE_SKILL_EFFECT_SING_SPITE",MagicAll,40,1,"SE_ENEMY_ICEQUEEN_SKILL01,SE_ENEMY_CERBERUS_SKILL_EFFECT_SNOW,SE_ENEMY_CERBERUS_SKILL_EFFECT_SNOW_HIT",,,,,GROUP_ENEMY_ICE_QUEEN,,,15,1,,,,
IceQueen1,EnIceQueenB,4,18,28,46,0.85,"-0.8,7,19.9",Head_2,,,,,,,Spite,25,30,"SE_ENEMY_ICEQUEEN_SKILL,SE_ENEMY_BANSHEE_SKILL_EFFECT_SING_SPITE",MagicAll,40,1,"SE_ENEMY_ICEQUEEN_SKILL01,SE_ENEMY_CERBERUS_SKILL_EFFECT_SNOW,SE_ENEMY_CERBERUS_SKILL_EFFECT_SNOW_HIT",,,,,GROUP_ENEMY_ICE_QUEEN,,,,1,,,,
IceQueen1_Boss,EnIceQueenB,4,18,28,46,0.85,"-0.8,7,19.9",Head_2,Boss,2,,,,,Spite,25,30,"SE_ENEMY_ICEQUEEN_SKILL,SE_ENEMY_BANSHEE_SKILL_EFFECT_SING_SPITE",MagicAll,40,1,"SE_ENEMY_ICEQUEEN_SKILL01,SE_ENEMY_CERBERUS_SKILL_EFFECT_SNOW,SE_ENEMY_CERBERUS_SKILL_EFFECT_SNOW_HIT",,,,,GROUP_ENEMY_ICE_QUEEN,,,,,IceQueen1,,,
IceQueen2,EnIceQueenC,4,20,28,46,0.95,"-0.8,7,19.9",Head_2,Boss,2,,,,,Spite,25,30,"SE_ENEMY_ICEQUEEN_SKILL,SE_ENEMY_BANSHEE_SKILL_EFFECT_SING_SPITE",MagicAll,40,1,"SE_ENEMY_ICEQUEEN_SKILL01,SE_ENEMY_CERBERUS_SKILL_EFFECT_SNOW,SE_ENEMY_CERBERUS_SKILL_EFFECT_SNOW_HIT",,,,,GROUP_ENEMY_ICE_QUEEN,,,16,1,,,,
IceQueen3,EnIceQueenD,4,20,28,46,0.95,"-0.8,7,19.9",Head_2,Boss,2,,,,,Spite,25,30,"SE_ENEMY_ICEQUEEN_SKILL,SE_ENEMY_BANSHEE_SKILL_EFFECT_SING_SPITE",MagicAll,40,1,"SE_ENEMY_ICEQUEEN_SKILL01,SE_ENEMY_CERBERUS_SKILL_EFFECT_SNOW,SE_ENEMY_CERBERUS_SKILL_EFFECT_SNOW_HIT",,,,,GROUP_ENEMY_ICE_QUEEN,,,,1,,,,
IronBall0,EnIronBallA,2,16,28,16,0.65,"-1.2,1.9,-35.9",M_Waist,,,WideAttack,100,,,,,,,,,,,,,,,GROUP_ENEMY_IRON_BALL,,,,1,,,,
IronBall1,EnIronBallB,2,16,30,16,0.7,"-1.2,1.9,-35.9",M_Waist,,,WideAttack,100,,,,,,,,,,,,,,,GROUP_ENEMY_IRON_BALL,,,,1,,,,
IronBall2,EnIronBallC,2,16,35,16,0.8,"-1.2,1.9,-35.9",M_Waist,Boss,2,WideAttack,100,,"SE_ENEMY_ROCK_SKILL_1,SE_ENEMY_ROCK_SKILL_2,SE_ENEMY_ROCK_SKILL_HIT",,,,,,,,,,,,,GROUP_ENEMY_IRON_BALL,,,17,1,,,,
Lizardman0,EnLizardmanA,3,25,27,24,0.75,"1.6,1.5,4.9",Mask,,,,,,,,,,,MagicAll,40,1,"SE_ENEMY_LIZARDMAN_SKILL,SE_ENEMY_LIZARDMAN_SPIN,SE_ENEMY_LIZARDMAN_SPIN_HIT",,,,,GROUP_ENEMY_LIZARDMAN,,,,1,,,,
Lizardman1,EnLizardmanB,3,30,28,24,0.9,"1.6,1.5,4.9",Mask,,,,,,,,,,,MagicAll,40,1,"SE_ENEMY_LIZARDMAN_SKILL,SE_ENEMY_LIZARDMAN_SPIN,SE_ENEMY_LIZARDMAN_SPIN_HIT",,,,,GROUP_ENEMY_LIZARDMAN,,,,1,,,,
Lizardman2,EnLizardmanC,3,32,34,24,1,"1.6,1.5,4.9",Mask,Boss,2,,,,,,,,,MagicAll,40,1,"SE_ENEMY_LIZARDMAN_SKILL,SE_ENEMY_LIZARDMAN_SPIN,SE_ENEMY_LIZARDMAN_SPIN_HIT",,,,,GROUP_ENEMY_LIZARDMAN,,,18,1,,,,
Lizardman3,EnLizardmanC,3,32,34,24,1,"1.6,1.5,4.9",Mask,Boss,2,,,,,,,,,MagicAll,40,1,"SE_ENEMY_LIZARDMAN_SKILL,SE_ENEMY_LIZARDMAN_SPIN,SE_ENEMY_LIZARDMAN_SPIN_HIT",,,,,GROUP_ENEMY_LIZARDMAN,,,18,,Lizardman2,,,
Lizardman4,EnLizardmanC,3,32,34,24,1,"1.6,1.5,4.9",Mask,Boss,2,,,,,,,,,MagicAll,40,1,"SE_ENEMY_LIZARDMAN_SKILL,SE_ENEMY_LIZARDMAN_SPIN,SE_ENEMY_LIZARDMAN_SPIN_HIT",,,,,GROUP_ENEMY_LIZARDMAN,,,18,,Lizardman2,,,
Medusa0,EnMedusaA,3,16,25,14,1,"1.2,-0.3,10.4",Head,,,,,,,Stone,30,100,"SE_ENEMY_MEDUSA_SKILL_1,SE_ENEMY_MEDUSA_SKILL_2,SE_ENEMY_MEDUSA_SKILL_STONE",,,,,,,,,GROUP_ENEMY_MEDUSA,,,,1,,,,
Medusa1,EnMedusaB,3,18,27,14,1.1,"1.2,-0.3,10.4",Head,,,,,,,Stone,30,100,"SE_ENEMY_MEDUSA_SKILL_1,SE_ENEMY_MEDUSA_SKILL_2,SE_ENEMY_MEDUSA_SKILL_STONE",,,,,,,,,GROUP_ENEMY_MEDUSA,,,,1,,,,
Medusa2,EnMedusaC,3,20,30,14,1.2,"1.2,-0.3,10.4",Head,Boss,2,,,,,Stone,30,100,"SE_ENEMY_MEDUSA_SKILL_1,SE_ENEMY_MEDUSA_SKILL_2,SE_ENEMY_MEDUSA_SKILL_STONE",MagicAll,40,1,,,,,,GROUP_ENEMY_MEDUSA,,,19,1,,,,
Mimit0,EnMimitA,1,8,18,16,0.75,,Spine,,,,,,,,,,,,,,,,,,,GROUP_ENEMY_MIMIT,Gold,,,1,,,,
Mimit1,EnMimitB,1,8,18,16,0.75,,Spine,,,Escape,30,,,,,,,,,,,,,,,GROUP_ENEMY_MIMIT,Rare,,,1,,,,
Mimit2,EnMimitC,2,16,22,16,1.1,,Head,,2,,,,,,,,,,,,,,,,,GROUP_ENEMY_MIMIT,Gold,,,1,,,,
Mimit3,EnMimitD,2,16,22,16,1.1,,Head,,,Escape,30,,,,,,,,,,,,,,,GROUP_ENEMY_MIMIT,Rare,,,1,,,,
Mimit4,EnMimitE,1,8,18,16,0.75,,Spine,,,,,,,,,,,,,,,,,,,GROUP_ENEMY_MIMIT,None,,,1,,,,
Mimit5,EnMimitF,1,8,18,16,0.75,,Spine,,,,,,,,,,,,,,,,,,,GROUP_ENEMY_MIMIT,None,,,1,,,,
Mimit6,EnMimitG,1,8,18,16,0.75,,Spine,,,,,,,,,,,,,,,,,,,GROUP_ENEMY_MIMIT,Nore,,,1,,,,
Mimit7,EnMimitH,1,8,18,16,0.75,,Spine,,,,,,,,,,,,,,,,,,,GROUP_ENEMY_MIMIT,Rare,,,1,,,,
Mimit8,EnMimitI,2,16,22,16,1.1,,Head,,,,,,,,,,,,,,,,,,,GROUP_ENEMY_MIMIT,Rare,,,1,,,,
Minotaur0,EnMinotaurA,3,30,27,30,1,"2.7,-4,0",Head,,2,,,,,,,,,MagicAll,40,1,SE_ENEMY_MINOTAUR_SKILL,,,,,GROUP_ENEMY_MINOTAUR,,,,1,,,,
Minotaur0_Boss,EnMinotaurA,3,30,27,30,1,"2.7,-4,0",Head,Boss,2,,,,,,,,,MagicAll,40,1,SE_ENEMY_MINOTAUR_SKILL,,,,,GROUP_ENEMY_MINOTAUR,,,,,Minotaur0,,,
Minotaur1,EnMinotaurB,3,30,27,30,1,"2.7,-4,0",Head,,2,,,,,,,,,MagicAll,40,1,SE_ENEMY_MINOTAUR_SKILL,,,,,GROUP_ENEMY_MINOTAUR,,,,1,,,,
Minotaur2,EnMinotaurC,3,30,27,30,1,"2.7,-4,0",Head,Boss,2,,,,,,,,,MagicAll,40,1,SE_ENEMY_MINOTAUR_SKILL,,,,,GROUP_ENEMY_MINOTAUR,,,20,1,,,,
Minotaur3,EnMinotaurD,3,30,27,30,1,"2.7,-4,0",Head,Boss,2,,,,,,,,,MagicAll,40,1,SE_ENEMY_MINOTAUR_SKILL,,,,,GROUP_ENEMY_MINOTAUR,,,,1,,,,
Mole0,EnMoleA,2,14,16,14,1.4,,Nose,,,Hide,30,,SE_ENEMY_MOLE_HIDE,,,,,,,,,,,,,GROUP_ENEMY_MOLE,,,,1,,,,
Mole1,EnMoleB,2,15,20,18,1.5,,Nose,,,Hide,30,,SE_ENEMY_MOLE_HIDE,,,,,,,,,,,,,GROUP_ENEMY_MOLE,,,,1,,,,
Mole2,EnMoleC,2,16,20,18,1.6,,Nose,,,Hide,30,,SE_ENEMY_MOLE_HIDE,,,,,,,,,,,,,GROUP_ENEMY_MOLE,,,,1,,,,
Monitor0,EnMonitorA,2,28,30,18,2.2,"0,-7.4,27.3",Waist,"Boss,TexRepeat",2,,,,,,,,,MagicAll,40,1,"SE_ENEMY_MONITOR_SKILL,SE_ENEMY_MONITOR_EFFECT,SE_ENEMY_MONITOR_EFFECT_HIT",,,,,GROUP_ENEMY_MONITOR,,,21,1,,,,
Monitor1,EnMonitorB,2,26,28,18,2.1,"0,-7.4,27.3",Waist,TexRepeat,,,,,,,,,,MagicAll,40,1,"SE_ENEMY_MONITOR_SKILL,SE_ENEMY_MONITOR_EFFECT,SE_ENEMY_MONITOR_EFFECT_HIT",,,,,GROUP_ENEMY_MONITOR,,,,1,,,,
Monitor2,EnMonitorC,2,28,33,18,2.3,"0,-7.4,27.3",Waist,TexRepeat,,,,,,,,,,MagicAll,40,1,"SE_ENEMY_MONITOR_SKILL,SE_ENEMY_MONITOR_EFFECT,SE_ENEMY_MONITOR_EFFECT_HIT",,,,,GROUP_ENEMY_MONITOR,,,,1,,,,
Monitor3,EnMonitorD,2,28,31,18,2.3,"0,-7.4,27.3",Waist,"Boss,TexRepeat",,Summon,100,,,,,,,MagicAll,40,1,"SE_ENEMY_MONITOR_SKILL,SE_ENEMY_MONITOR_EFFECT,SE_ENEMY_MONITOR_EFFECT_HIT",,,,,GROUP_ENEMY_MONITOR,,,,1,,,,
Monitor4,EnMonitorA,2,28,30,18,2.2,"0,-7.4,27.3",Waist,"Boss,TexRepeat",3,,,,,,,,,MagicAll,40,1,"SE_ENEMY_MONITOR_SKILL,SE_ENEMY_MONITOR_EFFECT,SE_ENEMY_MONITOR_EFFECT_HIT",,,,,GROUP_ENEMY_MONITOR,,,21,,Monitor0,,,
Monitor5,EnMonitorA,2,28,30,18,2.2,"0,-7.4,27.3",Waist,"Boss,TexRepeat",2,,,,,,,,,MagicAll,40,1,"SE_ENEMY_MONITOR_SKILL,SE_ENEMY_MONITOR_EFFECT,SE_ENEMY_MONITOR_EFFECT_HIT",,,,,GROUP_ENEMY_MONITOR,,,21,,Monitor0,,,
Mouse0,EnMouseA,2,16,23,14,0.7,"0,-7.4,4.1",Head,,,,,,,,,,,,,,,,,,,GROUP_ENEMY_MOUSE,,,,1,,,,
Mouse1,EnMouseB,2,22,28,14,1,"0,-7.4,4.1",Head,Boss,2,WideAttack,100,,,,,,,,,,,,,,,GROUP_ENEMY_MOUSE,,,,1,,,,
Mouse2,EnMouseC,2,22,28,14,1,"0,-7.4,4.1",Head,Boss,2,WideAttack,100,,,,,,,,,,,,,,,GROUP_ENEMY_MOUSE,,,,1,,,,
Mouse3,EnMouseD,2,25,28,14,1.2,"0,-7.4,4.1",Head,Boss,2,WideAttack,100,,,,,,,,,,,,,,,GROUP_ENEMY_MOUSE,,,22,1,,,,
Mouse4,EnMouseC,2,22,32,14,1,"0,-7.4,4.1",Head,Boss,2,WideAttack,100,,,,,,,,,,,,,,,GROUP_ENEMY_MOUSE,,,,,Mouse2,,,
Mouse5,EnMouseC,2,22,28,14,1,"0,-7.4,4.1",Head,Boss,2,WideAttack,100,,,,,,,,,,,,,,,GROUP_ENEMY_MOUSE,,,,,Mouse2,,,
Mouse6,EnMouseC,2,22,28,14,1,"0,-7.4,4.1",Head,Boss,2,WideAttack,100,,,,,,,,,,,,,,,GROUP_ENEMY_MOUSE,,,,,Mouse2,,,
Mummy0,EnMummyA,2,22,28,22,1,,Mouth,,,EatWeapon,100,,"SE_ENEMY_MUMMY_GET_WEAPON_1,SE_ENEMY_MUMMY_GET_WEAPON_2,SE_ENEMY_MUMMY_EAT_END",,,,,,,,,,,,,GROUP_ENEMY_MUMMY,,,,1,,,,
Mummy1,EnMummyB,2,22,28,22,1,,Mouth,,,EatWeapon,100,,"SE_ENEMY_MUMMY_GET_WEAPON_1,SE_ENEMY_MUMMY_GET_WEAPON_2,SE_ENEMY_MUMMY_EAT_END",,,,,Magic,70,1,,,,,,GROUP_ENEMY_MUMMY,,,,1,,,,
Mummy2,EnMummyC,2,22,28,22,1,,Mouth,,,EatWeapon,100,,"SE_ENEMY_MUMMY_GET_WEAPON_1,SE_ENEMY_MUMMY_GET_WEAPON_2,SE_ENEMY_MUMMY_EAT_END",,,,,Magic,70,1,,,,,,GROUP_ENEMY_MUMMY,,,,1,,,,
Mural0,EnMuralA,2,12,22,12,1,,Waist,,,,,,,,,,,,,,,,,,,GROUP_ENEMY_MURAL,,,,1,,,,
Mural1,EnMuralB,2,12,22,12,1,,Waist,,,,,,,,,,,,,,,,,,,GROUP_ENEMY_MURAL,,,,1,,,,
Mushroom0,EnMushroomA,2,16,21,16,0.7,,Head_2,,,,,,,Laugh,30,70,"SE_ENEMY_MUSHROOM_SKILL_1,SE_ENEMY_MUSHROOM_SKILL_2",,,,,,,,,GROUP_ENEMY_MUSHROOM,,,,1,,,,
Mushroom1,EnMushroomB,2,16,21,16,0.7,,Head_2,,,,,,,Excite,30,70,"SE_ENEMY_MUSHROOM_SKILL_1,SE_ENEMY_MUSHROOM_SKILL_2",,,,,,,,,GROUP_ENEMY_MUSHROOM,,,,1,,,,
Mushroom2,EnMushroomC,2,18,25,16,0.9,,Head_2,,,,,,,ExciteAll,30,50,"SE_ENEMY_MUSHROOM_SKILL_1,SE_ENEMY_MUSHROOM_SKILL_2",,,,,,,,,GROUP_ENEMY_MUSHROOM,,,,1,,,,
Nose0,EnNoseA,2,14,23,14,0.7,,Spine,,,,,,,,,,,MagicWide,50,1,"SE_ENEMY_NOSE_SKILL,SE_ENEMY_NOSE_WATER,SE_ENEMY_FROG_WATER_HIT",,,,,GROUP_ENEMY_NOSE,,,,1,,,,
Nose1,EnNoseB,2,15,26,14,0.8,,Spine,,,,,,,,,,,MagicWide,50,1,"SE_ENEMY_NOSE_SKILL,SE_ENEMY_NOSE_WATER,SE_ENEMY_FROG_WATER_HIT",,,,,GROUP_ENEMY_NOSE,,,,1,,,,
Nose2,EnNoseC,2,18,28,14,1.05,,Spine,,,,,,,,,,,MagicWide,50,1,"SE_ENEMY_NOSE_SKILL,SE_ENEMY_NOSE_WATER,SE_ENEMY_FROG_WATER_HIT",,,,,GROUP_ENEMY_NOSE,,,,1,,,,
Owl0,EnOwlA,3,22,30,22,1.2,"0,-0.9,6.9",Face_1,Boss,3,,,,,Vacancy,30,100,"SE_ENEMY_OWL_SKILL,SE_ENEMY_OWL_SKILL_EFFECT_MIND",,,,,,,,,GROUP_ENEMY_OWL,,,,1,,,,
Owl1,EnOwlB,3,16,22,18,0.7,"0,-0.9,6.9",Face_1,,,,,,,Nightmare,30,50,"SE_ENEMY_OWL_SKILL,SE_ENEMY_OWL_SKILL_EFFECT_SLEEP,SE_ENEMY_OWL_SKILL_EFFECT_SLEEP_HIT",,,,,,,,,GROUP_ENEMY_OWL,,,,1,,,,
Owl2,EnOwlC,3,20,29,20,1.1,"0,-0.9,6.9",Face_1,,,,,,,VacancyAll,30,50,"SE_ENEMY_OWL_SKILL,SE_ENEMY_OWL_SKILL_EFFECT_MIND_ALL",,,,,,,,,GROUP_ENEMY_OWL,,,,1,,,,
Owl3,EnOwlA,3,22,30,22,1.2,"0,-0.9,6.9",Face_1,Boss,3,,,,,Vacancy,30,100,"SE_ENEMY_OWL_SKILL,SE_ENEMY_OWL_SKILL_EFFECT_MIND",,,,,,,,,GROUP_ENEMY_OWL,,,,,Owl0,,,
Owl4,EnOwlA,3,22,30,22,1.2,"0,-0.9,6.9",Face_1,Boss,3,,,,,Vacancy,30,100,"SE_ENEMY_OWL_SKILL,SE_ENEMY_OWL_SKILL_EFFECT_MIND",,,,,,,,,GROUP_ENEMY_OWL,,,,,Owl0,,,
Owl5,EnOwlA,3,22,30,22,1.2,"0,-0.9,6.9",Face_1,Boss,3,,,,,Vacancy,30,100,"SE_ENEMY_OWL_SKILL,SE_ENEMY_OWL_SKILL_EFFECT_MIND",,,,,,,,,GROUP_ENEMY_OWL,,,,,Owl0,,,
Owl6,EnOwlA,3,22,30,22,1.2,"0,-0.9,6.9",Face_1,Boss,3,,,,,Vacancy,30,100,"SE_ENEMY_OWL_SKILL,SE_ENEMY_OWL_SKILL_EFFECT_MIND",,,,,,,,,GROUP_ENEMY_OWL,,,,,Owl0,,,
Painting0,EnPaintingA,2,23,32,20,2.7,"0,-7.3,26",Spine,Boss,2,Gaze,30,1,,,,,,MagicAll,30,1,"SE_ENEMY_BUTTERFLY_BREATH_POISON,SE_ENEMY_BUTTERFLY_SKILL_HIT",,,,,GROUP_ENEMY_PAINTING,,,,1,,,,
Painting1,EnPaintingB,2,29,29,22,2.7,"0,-7.9,29.5",Spine,Boss,2,Gaze,30,1,,,,,,MagicAll,30,1,"SE_ENEMY_BUTTERFLY_BREATH_POISON,SE_ENEMY_BUTTERFLY_SKILL_HIT",,,,,GROUP_ENEMY_PAINTING,,,,1,,,,
Painting2,EnPaintingC,2,23,32,20,2.7,"0,-7.3,26",Spine,Boss,2,Gaze,30,1,,,,,,MagicAll,30,1,"SE_ENEMY_BUTTERFLY_BREATH_POISON,SE_ENEMY_BUTTERFLY_SKILL_HIT",,,,,GROUP_ENEMY_PAINTING,,,23,1,,,,
Painting3,EnPaintingD,2,23,32,20,2.7,"0,-7.3,26",Spine,,,Gaze,30,1,,,,,,,,,,,,,,GROUP_ENEMY_PAINTING,,,,1,,,,
Painting4,EnPaintingE,2,23,32,20,2.7,"0,-7.3,26",Spine,Boss,2,Gaze,30,1,,,,,,MagicAll,30,1,"SE_ENEMY_BUTTERFLY_BREATH_POISON,SE_ENEMY_BUTTERFLY_SKILL_HIT",,,,,GROUP_ENEMY_PAINTING_SATAN,,,24,1,,,,
Painting5,EnPaintingA,2,23,32,20,2.7,"0,-7.3,26",Spine,Boss,2,Gaze,30,1,,,,,,MagicAll,30,1,"SE_ENEMY_BUTTERFLY_BREATH_POISON,SE_ENEMY_BUTTERFLY_SKILL_HIT",,,,,GROUP_ENEMY_PAINTING,,,,,Painting0,,,
Painting6,EnPaintingB,2,29,29,22,2.7,"0,-7.9,29.5",Spine,Boss,2,Gaze,30,1,,,,,,MagicAll,30,1,"SE_ENEMY_BUTTERFLY_BREATH_POISON,SE_ENEMY_BUTTERFLY_SKILL_HIT",,,,,GROUP_ENEMY_PAINTING,,,,,Painting1,,,
Painting7,EnPaintingC,2,23,32,20,2.7,"0,-7.3,26",Spine,Boss,2,Gaze,30,1,,,,,,MagicAll,30,1,"SE_ENEMY_BUTTERFLY_BREATH_POISON,SE_ENEMY_BUTTERFLY_SKILL_HIT",,,,,GROUP_ENEMY_PAINTING,,,23,,Painting2,,,
Penguin0,EnPenguinA,2,18,16,18,0.75,,Head_1,,,,,,,,,,,,,,,,,,,GROUP_ENEMY_PENGUIN,,,,1,,,,
Penguin1,EnPenguinB,2,19,17,18,0.8,,Head_1,,,,,,,,,,,,,,,,,,,GROUP_ENEMY_PENGUIN_MECHA,,,,1,,,,
Penguin2,EnPenguinC,2,23,21,18,1,,Head_1,,,,,,,,,,,,,,,,,,,GROUP_ENEMY_PENGUIN,,,,1,,,,
Pharaoh0,EnPharaohA,4,46,28,46,0.9,"0,0.7,-19.4",MiiMask,Boss,2,WideAttack,100,,,Pharaoh,100,100,"SE_ENEMY_PHARAOH_SKILL_EFFECT,SE_ENEMY_PHARAOH_SKILL_HIT_1,SE_ENEMY_PHARAOH_SKILL_HIT_2",,,,,,,,,GROUP_ENEMY_PHARAOH,,,,1,,,,
Pharaoh1,EnPharaohB,4,46,30,46,0.9,"0,0.7,-19.4",MiiMask,Boss,2,WideAttack,100,,,Pharaoh,100,100,"SE_ENEMY_PHARAOH_SKILL_EFFECT,SE_ENEMY_PHARAOH_SKILL_HIT_1,SE_ENEMY_PHARAOH_SKILL_HIT_2",,,,,,,,,GROUP_ENEMY_PHARAOH,,,,1,,,,
Pharaoh2,EnPharaohC,4,33,28,46,0.8,,MiiMask,,2,,,,,Pharaoh,100,100,"SE_ENEMY_PHARAOH_SKILL_EFFECT,SE_ENEMY_PHARAOH_SKILL_HIT_1,SE_ENEMY_PHARAOH_SKILL_HIT_2",,,,,,,,,GROUP_ENEMY_PHARAOH,,,,1,,,,
Pharaoh2_Boss,EnPharaohC,4,33,28,46,0.8,,MiiMask,Boss,2,WideAttack,100,,,Pharaoh,100,100,"SE_ENEMY_PHARAOH_SKILL_EFFECT,SE_ENEMY_PHARAOH_SKILL_HIT_1,SE_ENEMY_PHARAOH_SKILL_HIT_2",,,,,,,,,GROUP_ENEMY_PHARAOH,,,,,Pharaoh2,,,
Puppet0,EnPuppetA,3,24,30,24,1,"0,-4.1,8.4",Hat,Boss,3,,,,,PuppetBoss,30,60,SE_ENEMY_PUPPET_CONTROL,MagicAll,50,1,,,,,,GROUP_ENEMY_PUPPET,,,,1,,,,
Puppet1,EnPuppetB,3,30,31,24,1.1,"0,-4.1,8.4",Hat,,,,,,,Puppet,60,60,SE_ENEMY_PUPPET_CONTROL,,,,,,,,,GROUP_ENEMY_PUPPET,,,,1,,,,
Puppet2,EnPuppetC,3,34,34,24,1.3,"0,-4.1,8.4",Hat,Boss,3,,,,,Puppet,30,60,SE_ENEMY_PUPPET_CONTROL,MagicAll,50,1,,,,,,GROUP_ENEMY_PUPPET,,,25,1,,,,
Robot0,EnRobotA,3,22,22,20,1.2,"0.5,-2.4,13.3",Face_1,Boss,2,WaveCannon2,34,1,"SE_ENEMY_ROBOT_SKILL_BEAM,SE_ENEMY_ROBOT_SKILL_BEAM_HIT",,,,,,,,,,,,,GROUP_ENEMY_ROBOT,,,26,1,,,,
Robot1,EnRobotB,2,12,16,14,1,"0.5,-2.4,13.3",Face_1,,,,,,,,,,,,,,,,,,,GROUP_ENEMY_ROBOT,,,,1,,,,
Robot2,EnRobotC,2,14,18,14,1.1,"0.5,-2.4,13.3",Face_1,,,,,,,,,,,,,,,,,,,GROUP_ENEMY_ROBOT,,,,1,,,,
Robot3,EnRobotD,3,25,25,20,1.3,"0.5,-2.4,13.3",Face_1,,2,WaveCannon2,34,1,"SE_ENEMY_ROBOT_SKILL_BEAM,SE_ENEMY_ROBOT_SKILL_BEAM_HIT",,,,,,,,,,,,,GROUP_ENEMY_ROBOT,,,,1,,,,
Robot3_Boss,EnRobotD,3,25,25,20,1.3,"0.5,-2.4,13.3",Face_1,Boss,3,WaveCannon2,34,1,"SE_ENEMY_ROBOT_SKILL_BEAM,SE_ENEMY_ROBOT_SKILL_BEAM_HIT",,,,,,,,,,,,,GROUP_ENEMY_ROBOT,,,,,Robot3,,,
Robot4,EnRobotE,3,28,25,20,1.3,"0.5,-2.4,13.3",Face_1,Boss,2,WaveCannon2,34,1,"SE_ENEMY_ROBOT_SKILL_BEAM,SE_ENEMY_ROBOT_SKILL_BEAM_HIT",,,,,,,,,,,,,GROUP_ENEMY_ROBOT,,,,1,,,,
Robot5,EnRobotA,3,22,22,20,1.2,"0.5,-2.4,13.3",Face_1,Boss,2,WaveCannon2,34,1,"SE_ENEMY_ROBOT_SKILL_BEAM,SE_ENEMY_ROBOT_SKILL_BEAM_HIT",,,,,,,,,,,,,GROUP_ENEMY_ROBOT,,,26,,Robot0,,,
Rock0,EnRockA,2,18,16,18,0.8,"-0.6,-7.2,0.1",Waist,,,WideAttack,100,,"SE_ENEMY_ROCK_SKILL_1,SE_ENEMY_ROCK_SKILL_2,SE_ENEMY_ROCK_SKILL_HIT",,,,,,,,,,,,,GROUP_ENEMY_ROCK,,,,1,,,,
Rock1,EnRockB,2,26,20,26,1.1,"-0.6,-7.2,0.1",Waist,Boss,2,WideAttack,100,,"SE_ENEMY_ROCK_SKILL_1,SE_ENEMY_ROCK_SKILL_2,SE_ENEMY_ROCK_SKILL_HIT",,,,,,,,,,,,,GROUP_ENEMY_ROCK,,,,1,,,,
Rock2,EnRockC,2,19,17,18,0.85,"-0.6,-7.2,0.1",Waist,,,WideAttack,100,,"SE_ENEMY_ROCK_SKILL_1,SE_ENEMY_ROCK_SKILL_2,SE_ENEMY_ROCK_SKILL_HIT",,,,,,,,,,,,,GROUP_ENEMY_ROCK,,,,1,,,,
Rock3,EnRockD,2,20,18,18,0.9,"-0.6,-7.2,0.1",Waist,,,WideAttack,100,,"SE_ENEMY_ROCK_SKILL_1,SE_ENEMY_ROCK_SKILL_2,SE_ENEMY_ROCK_SKILL_HIT",,,,,,,,,,,,,GROUP_ENEMY_ROCK,,,,1,,,,
Rock4,EnRockB,2,26,20,26,1.1,"-0.6,-7.2,0.1",Waist,Boss,3,WideAttack,100,,"SE_ENEMY_ROCK_SKILL_1,SE_ENEMY_ROCK_SKILL_2,SE_ENEMY_ROCK_SKILL_HIT",,,,,,,,,,,,,GROUP_ENEMY_ROCK,,,,,Rock1,,,
Rock5,EnRockB,2,26,20,26,1.1,"-0.6,-7.2,0.1",Waist,Boss,2,WideAttack,100,,"SE_ENEMY_ROCK_SKILL_1,SE_ENEMY_ROCK_SKILL_2,SE_ENEMY_ROCK_SKILL_HIT",,,,,,,,,,,,,GROUP_ENEMY_ROCK,,,,,Rock1,,,
Rock6,EnRockB,2,26,20,26,1.1,"-0.6,-7.2,0.1",Waist,Boss,2,WideAttack,100,,"SE_ENEMY_ROCK_SKILL_1,SE_ENEMY_ROCK_SKILL_2,SE_ENEMY_ROCK_SKILL_HIT",,,,,,,,,,,,,GROUP_ENEMY_ROCK,,,,,Rock1,,,
RockDemo0,EnRockB,2,26,20,26,1.1,"-0.6,-7.2,0.1",Waist,Boss,2,WideAttack,100,,"SE_ENEMY_ROCK_SKILL_1,SE_ENEMY_ROCK_SKILL_2,SE_ENEMY_ROCK_SKILL_HIT",,,,,,,,,,,,,GROUP_ENEMY_ROCK,,,,,,,,
Satan0,EnSatanA,5,46,37,48,1,"0,1.2,-15",Face_1,"Boss,VisibleDeath",2,Satan,,0.5,,Nightmare,30,100,"SE_ENEMY_SATAN_SLEEP,SE_ENEMY_SATAN_SKILL_1",MagicAll,30,1,"SE_ENEMY_SATAN_ROCK_1,SE_ENEMY_SATAN_ROCK_2,SE_ENEMY_SATAN_ROCK_HIT",,,,,GROUP_ENEMY_SATAN,,,,1,,,,
Satan1,EnSatanC,4,35,30,42,0.8,"0,1.2,-15",Face_1,Boss,2,,,,,Nightmare,30,100,"SE_ENEMY_SATAN_SLEEP,SE_ENEMY_SATAN_SKILL_1",MagicAll,30,1,"SE_ENEMY_SATAN_ROCK_1,SE_ENEMY_SATAN_ROCK_2,SE_ENEMY_SATAN_ROCK_HIT",,,,,GROUP_ENEMY_SATAN,,,,1,,,,
Satan2,EnSatanE,5,35,33,42,0.9,"0,1.2,-15",Face_1,Boss,2,,,,,Nightmare,30,100,"SE_ENEMY_SATAN_SLEEP,SE_ENEMY_SATAN_SKILL_1",MagicAll,30,1,"SE_ENEMY_SATAN_ROCK_1,SE_ENEMY_SATAN_ROCK_2,SE_ENEMY_SATAN_ROCK_HIT",,,,,GROUP_ENEMY_SATAN,,,,1,,,,
Satan3,EnSatanG,5,35,30,42,0.8,"0,1.2,-15",Face_1,,2,,,,,Nightmare,30,100,"SE_ENEMY_SATAN_SLEEP,SE_ENEMY_SATAN_SKILL_1",MagicAll,30,1,"SE_ENEMY_SATAN_ROCK_1,SE_ENEMY_SATAN_ROCK_2,SE_ENEMY_SATAN_ROCK_HIT",,,,,GROUP_ENEMY_SATAN,,,,1,,,,
Satan3_Boss,EnSatanG,5,35,30,42,0.8,"0,1.2,-15",Face_1,Boss,2,,,,,Nightmare,30,100,"SE_ENEMY_SATAN_SLEEP,SE_ENEMY_SATAN_SKILL_1",MagicAll,30,1,"SE_ENEMY_SATAN_ROCK_1,SE_ENEMY_SATAN_ROCK_2,SE_ENEMY_SATAN_ROCK_HIT",,,,,GROUP_ENEMY_SATAN,,,,,Satan3,,,
SatanDemo0,EnSatanD,,46,37,46,1,,Face_1,,2,,,,,,,,,MagicAll,30,1,,,,,,GROUP_ENEMY_SATAN,,,,,,,,
SatanPendant0,EnSatanPendantA,,46,37,46,1,,Waist,,2,,,,,,,,,MagicAll,30,1,,,,,,GROUP_ENEMY_SATAN,,,,,,,,
SatanSoul0,EnSatanSoulA,,46,37,46,0.5,,Waist,,,,,,,,,,,MagicAll,30,1,,,,,,GROUP_ENEMY_SATAN,,,,,,,,
Scorpion0,EnScorpionA,2,16,18,16,0.75,,Head,,,,,,,,,,,,,,,,,,,GROUP_ENEMY_SCORPION,,,,1,,,,
Scorpion1,EnScorpionB,2,17,19,16,0.85,,Head,,,KillAttack,10,,SE_ENEMY_SCORPION_POISON_EFFECT,,,,,,,,,,,,,GROUP_ENEMY_SCORPION,,,,1,,,,
Scorpion2,EnScorpionC,2,18,20,16,0.95,,Head,,,KillAttack,10,,SE_ENEMY_SCORPION_POISON_EFFECT,,,,,,,,,,,,,GROUP_ENEMY_SCORPION_METAL,,,,1,,,,
Serpent0,EnSerpentA,4,30,28,26,,"-2,-3.1,0",Head,,,,,,,,,,,MagicAll,40,1,"SE_ENEMY_SERPENT_SKILL_FLAME,SE_JOB_WIZARD_EXPLOSION_MEGA",,,,,GROUP_ENEMY_SERPENT,,,,1,,,,
Serpent1,EnSerpentB,4,47,40,45,1.35,"-2,-3.1,0",Head,Boss,2,,,,,,,,,MagicAll,40,1,"SE_ENEMY_SERPENT_SKILL_FLAME,SE_JOB_WIZARD_EXPLOSION_MEGA",,,,,GROUP_ENEMY_SERPENT,,,27,1,,,,
Serpent2,EnSerpentC,4,47,40,45,1.35,"-2,-3.1,0",Head,,,,,,,,,,,MagicAll,40,1,"SE_ENEMY_SERPENT_SKILL_FLAME,SE_JOB_WIZARD_EXPLOSION_MEGA",,,,,GROUP_ENEMY_SERPENT,,,,1,,,,
Serpent2_Boss,EnSerpentC,4,47,40,45,1.35,"-2,-3.1,0",Head,Boss,3,,,,,,,,,MagicAll,50,1,"SE_ENEMY_SERPENT_SKILL_FLAME,SE_JOB_WIZARD_EXPLOSION_MEGA",,,,,GROUP_ENEMY_SERPENT,,,,,Serpent2,,,
Shield0,EnShieldA,2,14,24,14,1.3,"0,-5.7,24.4",Waist,Boss,,Cover,100,,,,,,,,,,,,,,,GROUP_ENEMY_SHIELD,,,,1,,,,
Shield1,EnShieldB,2,14,22,14,1.1,"0,-5.7,24.4",Waist,,,Cover,100,,,,,,,,,,,,,,,GROUP_ENEMY_SHIELD,,,,1,,,,
Shield2,EnShieldC,2,14,23,14,1.2,"0,-5.7,24.4",Waist,,,Cover,100,,,,,,,,,,,,,,,GROUP_ENEMY_SHIELD,,,,1,,,,
Shield3,EnShieldA,2,14,24,14,1.3,"0,-5.7,24.4",Waist,Boss,3,Cover,100,,,,,,,,,,,,,,,GROUP_ENEMY_SHIELD,,,,,Shield0,,,
Shield4,EnShieldA,2,14,24,14,1.3,"0,-5.7,24.4",Waist,Boss,3,Cover,100,,,,,,,,,,,,,,,GROUP_ENEMY_SHIELD,,,,,Shield0,,,
Skeleton0,EnSkeletonA,2,16,23,16,1,,Waist,,,,,,,Laugh,30,50,,,,,,,,,,GROUP_ENEMY_SKELETON,,,,1,,,,
Skeleton1,EnSkeletonB,2,18,25,18,1.1,,Waist,TexRepeat,,,,,,LaughAll,30,20,,,,,,,,,,GROUP_ENEMY_SKELETON_MECHA,,,,1,,,,
Skeleton2,EnSkeletonC,2,19,27,18,1.2,,Waist,TexRepeat,,,,,,LaughAll,30,20,,,,,,,,,,GROUP_ENEMY_SKELETON,,,,1,,,,
Slime0,EnSlime,3,20,18,20,1.2,"0,-9,21.2",Head,Boss,,,,,,,,,,,,,,,,,,GROUP_ENEMY_SLIME,,,,1,,,,
Slime1,EnSlimeA,1,8,18,16,0.6,"0,-9,21.2",Head,,,,,,,,,,,,,,,,,,,GROUP_ENEMY_SLIME,,,,1,,,,
Slime2,EnSlimeB,1,8,18,16,0.6,"0,-9,21.2",Head,,,,,,,,,,,,,,,,,,,GROUP_ENEMY_SLIME,,,,1,,,,
Slime3,EnSlimeC,1,8,18,16,0.6,"0,-9,21.2",Head,,,,,,,,,,,,,,,,,,,GROUP_ENEMY_SLIME,,,,1,,,,
Slime4,EnSlimeD,2,20,18,20,1.4,"0,-9,21.2",Head,Boss,1,,,,,,,,,,,,,,,,,GROUP_ENEMY_SLIME,,,28,1,,,,
Slime5,EnSlimeE,2,20,18,20,1.4,"0,-9,21.2",Head,,,,,,,,,,,,,,,,,,,GROUP_ENEMY_SLIME,,,,1,,,,
Slime6,EnSlimeF,2,20,18,20,1.2,"0,-9,21.2",Head,Boss,2,WideAttack,100,,,,,,,,,,,,,,,GROUP_ENEMY_SLIME,,,,1,,,,
Slime7,EnSlime,2,20,18,20,1.2,"0,-9,21.2",Head,Boss,2,WideAttack,100,,,,,,,,,,,,,,,GROUP_ENEMY_SLIME,,,,,Slime0,,,
Slime8,EnSlime,2,20,18,20,1.2,"0,-9,21.2",Head,Boss,2,WideAttack,100,,,,,,,,,,,,,,,GROUP_ENEMY_SLIME,,,,,Slime0,,,
Snail0,EnSnailA,2,16,18,16,1,,Head,,,Guard,100,0.5,,,,,,,,,,,,,,GROUP_ENEMY_SNAIL,,,,1,,,,
Snail1,EnSnailB,2,18,21,16,1.2,,Head,,,Guard,100,0.5,,,,,,,,,,,,,,GROUP_ENEMY_SNAIL,,,,1,,,,
Snail2,EnSnailC,2,20,24,16,1.4,,Head,,,Guard,100,0.5,,,,,,,,,,,,,,GROUP_ENEMY_SNAIL,,,,1,,,,
Snowman0,EnSnowmanA,2,18,26,18,0.55,,Nose,,,WideAttack,100,,,,,,,,,,,,,,,GROUP_ENEMY_SNOWMAN,,,,1,,,,
Snowman1,EnSnowmanB,2,18,28,18,0.65,,Nose,,,WideAttack,100,,,,,,,,,,,,,,,GROUP_ENEMY_SNOWMAN,,,,1,,,,
Snowman2,EnSnowmanC,2,18,34,18,0.8,"-0.6,12.6,-5.3",Nose,Boss,2,WideAttack,100,,"SE_ENEMY_ROCK_SKILL_1,SE_ENEMY_ROCK_SKILL_2,SE_ENEMY_ROCK_SKILL_HIT",,,,,,,,,,,,,GROUP_ENEMY_SNOWMAN,,,29,1,,,,
Spider0,EnSpiderA,3,23,35,20,1.4,"0.8,-1.1,9.8",Head,Boss,2,,,,,Spider,20,100,"SE_ENEMY_SPIDER_SKILL_1,SE_ENEMY_SPIDER_SKILL_2",,,,,,,,,GROUP_ENEMY_SPIDER,,,,1,,,,
Spider1,EnSpiderB,3,18,24,16,0.9,"0.8,-1.1,9.8",Head,,,,,,,,,,,,,,,,,,,GROUP_ENEMY_SPIDER,,,,1,,,,
Spider2,EnSpiderC,3,18,28,20,1.1,"0.8,-1.1,9.8",Head,,,,,,,Dance,30,100,"SE_ENEMY_SPIDER_SKILL_1,SE_ENEMY_SPIDER_TARANTELLA,SE_ENEMY_SPIDER_TARANTELLA_HIT",,,,,,,,,GROUP_ENEMY_SPIDER,,,,1,,,,
Spider3,EnSpiderA,3,23,35,20,1.4,"0.8,-1.1,9.8",Head,Boss,2,,,,,Spider,20,100,"SE_ENEMY_SPIDER_SKILL_1,SE_ENEMY_SPIDER_SKILL_2",,,,,,,,,GROUP_ENEMY_SPIDER,,,,,Spider0,,,
Spider4,EnSpiderA,3,23,35,20,1.4,"0.8,-1.1,9.8",Head,Boss,2,,,,,Spider,20,100,"SE_ENEMY_SPIDER_SKILL_1,SE_ENEMY_SPIDER_SKILL_2",,,,,,,,,GROUP_ENEMY_SPIDER,,,,,Spider0,,,
SuperSatan0,EnSatanF,5,46,43,46,1,"0,2.9,-8.6",Face_1,Boss,2,Magic,,0.6,,,,,,MagicLock2,40,1.8,,MagicAll,30,0.8,,GROUP_ENEMY_SATAN,,,,1,,,,
SuperSatanBit0,EnSuperSatanBitA,2,14,25,18,0.8,"-0.5,-2,-9.6",A_Waist,,,Cover,100,,,,,,,,,1,,,,,,GROUP_ENEMY_SUPERSATAN_BIT,,,30,1,,,,
SuperSatanBit1,EnSuperSatanBitB,2,14,25,18,0.8,"-0.5,-2,-9.6",A_Waist,,,Cover,100,,,,,,,,,1,,,,,,GROUP_ENEMY_SUPERSATAN_BIT,,,,1,,,,
SuperSatanCenter0,EnSuperSatanCenterA,5,44,60,20,0.8,"-1.6,9.4,-100",Waist,"Boss,VisibleDeath",2,SuperSatan,100,0.5,,Nightmare,30,100,,MagicAll,30,1,,MagicRandom5,0,0.6,,GROUP_ENEMY_SUPERSATAN_CENTER,,,,1,,,,
SuperSatanCenter1,EnSuperSatanCenterD,5,44,60,20,0.8,"-1.6,4.2,-100",Waist,"Boss,VisibleDeath",2,SuperSatan,20,0.3,,Nightmare,30,100,,MagicAll,30,1,,MagicRandom5,0,0.6,,GROUP_ENEMY_SUPERSATAN_CENTER,,,,1,,,,
SuperSatanCenterDemo0,EnSuperSatanCenterB,,92,74,40,0.8,"0,3.4,-67.8",Waist,,,,,,,,,,,,,,,,,,,GROUP_ENEMY_SUPERSATAN_CENTER,,,,,,,,
SuperSatanCenterDemo1,EnSuperSatanCenterC,,92,74,40,1,"0,3.4,-67.8",Waist,,,,,,,,,,,,,,,,,,,GROUP_ENEMY_SUPERSATAN_CENTER,,,,,,,,
SuperSatanCenterDemo2,EnSuperSatanCenterE,,92,74,40,0.8,"0,3.4,-67.8",Waist,,,,,,,,,,,,,,,,,,,GROUP_ENEMY_SUPERSATAN_CENTER,,,,,,,,
SuperSatanDemo0,EnSatanB,,46,37,46,1,"0,2.9,-8.6",Face_1,,2,,,,,,,,,MagicAll,30,1,,,,,,GROUP_ENEMY_SATAN,,,,,,,,
SuperSatanLeft0,EnSuperSatanLeftA,4,52,40,30,0.8,,Hand,Boss,2,Shot,,,,,,,,MagicAll,30,1,,BitRandom3,50,0.6,,GROUP_ENEMY_SUPERSATAN_LEFT,,,,1,,,,
SuperSatanLeftDemo0,EnSuperSatanLeftB,,52,60,30,1,,Hand,,,,,,,,,,,,,,,,,,,GROUP_ENEMY_SUPERSATAN_LEFT,,,,,,,,
SuperSatanRight0,EnSuperSatanRightA,4,54,58,30,0.8,,Hand,Boss,2,Magic,,1,,,,,,MagicLock2,40,2,,MagicWide,30,0.6,,GROUP_ENEMY_SUPERSATAN_RIGHT,,,,1,,,,
SuperSatanRightDemo0,EnSuperSatanRightB,,54,60,30,1,,Hand,,,,,,,,,,,,,,,,,,,GROUP_ENEMY_SUPERSATAN_RIGHT,,,,,,,,
Sword0,EnSwordA,2,16,25,14,1.3,"2.7,-5,18.1",MiiMask_1,Boss,2,HelpAttack,50,1,,,,,,,,,,,,,,GROUP_ENEMY_SWORD,,,,1,,,,
Sword1,EnSwordB,2,14,21,14,1.1,"2.7,-5,18.1",MiiMask_1,,1,HelpAttack,50,1,,,,,,,,,,,,,,GROUP_ENEMY_SWORD,,,,1,,,,
Sword2,EnSwordC,2,15,22,14,1.2,"2.7,-5,18.1",MiiMask_1,,2,,,,,,,,,MagicDual,50,1,SE_ENEMY_SWORD_SKILL,,,,,GROUP_ENEMY_SWORD,,,,1,,,,
Sword3,EnSwordA,2,16,25,14,1.3,"2.7,-5,18.1",MiiMask_1,Boss,2,HelpAttack,50,1,,,,,,,,,,,,,,GROUP_ENEMY_SWORD,,,,,Sword0,,,
Tadpole0,EnTadpoleA,2,16,18,16,0.8,"-1.7,-5.6,7.8",Waist,,,,,,,,,,,,,,,,,,,GROUP_ENEMY_TADPOLE,,,,1,,,,
Tadpole1,EnTadpoleB,2,18,20,16,1,"-1.7,-5.6,7.8",Waist,Boss,,,,,,,,,,,,,,,,,,GROUP_ENEMY_TADPOLE,,,,1,,,,
Tadpole2,EnTadpoleC,2,17,19,16,0.9,"-1.7,-5.6,7.8",Waist,,,,,,,,,,,,,,,,,,,GROUP_ENEMY_TADPOLE,,,,1,,,,
Tadpole3,EnTadpoleD,2,20,22,16,1.1,"-1.7,-5.6,7.8",Waist,,,,,,,,,,,,,,,,,,,GROUP_ENEMY_TADPOLE,,,,1,,,,
Tomato0,EnTomatoA,4,20,22,16,0.65,"-1.6,2.9,-36",Waist,Boss,3,WideAttack,,,,,,,,Tomato,40,0.3,"SE_ENEMY_TOMATO_SKILL,SE_ENEMY_TOMATO_SKILL_HIT",,,,,GROUP_ENEMY_TOMATO,,,,1,,,,
Tomato1,EnTomatoB,2,24,18,16,1,"0,-6.3,1.8",Waist,Boss,3,WideAttack,,,,,,,,Tomato,40,0.3,"SE_ENEMY_TOMATO_SKILL,SE_ENEMY_TOMATO_SKILL_HIT",,,,,GROUP_ENEMY_TOMATO,,,31,1,,,,
Tomato2,EnTomatoC,2,16,18,16,0.6,,Waist,,,,,,,,,,,,,,,,,,,GROUP_ENEMY_TOMATO,,,,1,,,,
Turkey0,EnTurkeyA,2,22,22,16,1,,Waist,,,,,,,Angry,30,100,"SE_ENEMY_TURKEY_SKILL,SE_ENEMY_TURKEY_SKILL_FART",,,,,,,,,GROUP_ENEMY_TURKEY,,,,1,,,,
Turkey1,EnTurkeyB,2,24,25,16,1.1,,Waist,,,,,,,Angry,30,100,"SE_ENEMY_TURKEY_SKILL,SE_ENEMY_TURKEY_SKILL_FART",,,,,,,,,GROUP_ENEMY_TURKEY,,,,1,,,,
Turkey2,EnTurkeyC,2,26,27,16,1.2,,Waist,,,,,,,Angry,30,100,"SE_ENEMY_TURKEY_SKILL,SE_ENEMY_TURKEY_SKILL_FART",,,,,,,,,GROUP_ENEMY_TURKEY,,,,1,,,,
Ufo0,EnUfoA,2,22,22,14,0.8,"0,-4.3,7.4",Head,,,EraseBanana,50,,"SE_ENEMY_UFO_SKILL_1,SE_ENEMY_UFO_SKILL_2,SE_ENEMY_UFO_ROB",,,,,,,,,,,,,GROUP_ENEMY_UFO,,,,1,,,,
Ufo1,EnUfoB,2,34,32,25,1.3,"0,-4.3,7.4",Head,Boss,2,EraseBanana,30,,"SE_ENEMY_UFO_SKILL_1,SE_ENEMY_UFO_SKILL_2,SE_ENEMY_UFO_ROB",,,,,,,,,,,,,GROUP_ENEMY_UFO,,,32,1,,,,
Ufo2,EnUfoC,2,34,32,25,1.3,"0,-4.3,7.4",Head,,,EraseBanana,50,,"SE_ENEMY_UFO_SKILL_1,SE_ENEMY_UFO_SKILL_2,SE_ENEMY_UFO_ROB",,,,,,,,,,,,,GROUP_ENEMY_UFO,,,,1,,,,
Ufo3,EnUfoB,2,34,32,25,1.3,"0,-4.3,7.4",Head,Boss,2,EraseBanana,30,,"SE_ENEMY_UFO_SKILL_1,SE_ENEMY_UFO_SKILL_2,SE_ENEMY_UFO_ROB",,,,,,,,,,,,,GROUP_ENEMY_UFO,,,32,,Ufo1,,,
Ufo4,EnUfoB,2,34,32,25,1.3,"0,-4.3,7.4",Head,Boss,3,EraseBanana,30,,"SE_ENEMY_UFO_SKILL_1,SE_ENEMY_UFO_SKILL_2,SE_ENEMY_UFO_ROB",,,,,,,,,,,,,GROUP_ENEMY_UFO,,,32,,Ufo1,,,
Ufo5,EnUfoB,2,34,32,25,1.3,"0,-4.3,7.4",Head,Boss,2,EraseBanana,30,,"SE_ENEMY_UFO_SKILL_1,SE_ENEMY_UFO_SKILL_2,SE_ENEMY_UFO_ROB",,,,,,,,,,,,,GROUP_ENEMY_UFO,,,32,,Ufo1,,,
Wind0,EnWindA,2,18,28,18,1,"0,2.3,2.3",Head_2,Boss,2,,,,,Blow,30,100,"SE_ENEMY_WIND_SKILL,SE_ENEMY_WIND_SKILL_HIT",,,,,,,,,GROUP_ENEMY_WIND,,,33,1,,,,
Wind1,EnWindB,2,16,26,18,0.8,,Head_2,,,,,,,,,,,MagicHeal,100,1,SE_ENEMY_WIND_SKILL_HEAL,,,,,GROUP_ENEMY_WIND,,,,1,,,,
Wind2,EnWindC,2,17,27,18,0.9,,Head_2,,,,,,,,,,,MagicBurn,80,1,SE_ENEMY_WIND_SKILL_FIRE,,,,,GROUP_ENEMY_WIND,,,,1,,,,
Wind3,EnWindA,2,18,28,18,1,"0,2.3,2.3",Head_2,Boss,2,,,,,Blow,30,100,"SE_ENEMY_WIND_SKILL,SE_ENEMY_WIND_SKILL_HIT",,,,,,,,,GROUP_ENEMY_WIND,,,33,,Wind0,,,
Wind4,EnWindA,2,18,28,18,1,"0,2.3,2.3",Head_2,Boss,2,,,,,Blow,30,100,"SE_ENEMY_WIND_SKILL,SE_ENEMY_WIND_SKILL_HIT",,,,,,,,,GROUP_ENEMY_WIND,,,33,,Wind0,,,
Yeti0,EnYetiA,3,24,26,24,0.75,"0,1.7,1.9",Head_1,Boss,2,HardAttack,30,1.5,SE_ENEMY_GORILLA_SKILL_EFFECT_SNOW,,,,,MagicIceAll,30,1,"SE_ENEMY_GORILLA_SKILL_EFFECT_SNOW,SE_ENEMY_GORILLA_FREEZE_PUNCH,SE_ENEMY_GORILLA_FREEZE_PUNCH_HIT",,,,,GROUP_ENEMY_YETI,,,,1,,,,
Yeti1,EnYetiB,3,26,28,24,0.85,"0,1.7,1.9",Head_1,,2,,,,,,,,,MagicAll,50,1,"SE_ENEMY_GORILLA_SKILL_EFFECT,SE_ENEMY_GORILLA_SPIN_PUNCH,SE_ENEMY_GORILLA_SPIN_PUNCH_HIT",,,,,GROUP_ENEMY_GORILLA,,,,1,,,,
Goblin10,EnGoblinG,2,11,13,11,0.8,,Head_2,Boss,1,,,,,Angry,25,100,SE_ENEMY_GOBLIN_SKILL_TEASE,,,,"SE_ENEMY_GOBLIN_SKILL_EFFECT,SE_ENEMY_GOBLIN_MAGIC_HIT",,,,,GROUP_ENEMY_GOBLIN,,,,1,,,,
Goblin11,EnGoblinG,2,11,13,11,0.8,,Head_2,Boss,1,,,,,,,,,,,,"SE_ENEMY_GOBLIN_SKILL_EFFECT,SE_ENEMY_GOBLIN_MAGIC_HIT",,,,,GROUP_ENEMY_GOBLIN,,,,,Goblin10,,,
Golem10,EnGolemG,3,54,42,54,1.4,"0,-2.4,0",Waist,Boss,2,WideAttack,100,,,,,,,,,,,,,,,GROUP_ENEMY_GOLEM,,,,1,,,,
Pharaoh10,EnPharaohD,4,24,24,25,0.6,"0,0.7,-19.4",MiiMask,Boss,1,WideAttack,100,,,Pharaoh,100,100,"SE_ENEMY_PHARAOH_SKILL_EFFECT,SE_ENEMY_PHARAOH_SKILL_HIT_1,SE_ENEMY_PHARAOH_SKILL_HIT_2",,,,,,,,,GROUP_ENEMY_PHARAOH,,,,1,,,,
Serpent10,EnSerpentD,4,52,44,50,1.4,"-2,-3.1,0",Head,Boss,3,,,,,,,,,MagicAll,50,1,"SE_ENEMY_SERPENT_SKILL_FLAME,SE_JOB_WIZARD_EXPLOSION_MEGA",,,,,GROUP_ENEMY_SERPENT,,,,1,,,,
Burger10,EnBurgerD,3,20,24,23,0.8,,Head,Boss,1,Eat,100,,"SE_ENEMY_BURGER_EAT_START,SE_ENEMY_BURGER_EAT",,,,,,,,,,,,,GROUP_ENEMY_BURGER,,,,1,,,,
Devil10,EnDevilG,2,25,40,28,1.5,"1.6,-4.8,0",Head_2,,1,,,,,,,,,Magic,90,50,"SE_ENEMY_DEVIL_DEATH_REAPER_1,SE_ENEMY_DEVIL_DEATH_REAPER_2,SE_ENEMY_DEVIL_DEATH_REAPER_HIT",,,,,GROUP_ENEMY_DEVIL_DEATH,,,,1,,,,
IceQueen10,EnIceQueenE,4,20,28,46,0.95,"-0.8,7,19.9",Head_2,Boss,2,,,,,Spite,25,30,"SE_ENEMY_ICEQUEEN_SKILL,SE_ENEMY_BANSHEE_SKILL_EFFECT_SING_SPITE",MagicAll,40,1,"SE_ENEMY_ICEQUEEN_SKILL01,SE_ENEMY_CERBERUS_SKILL_EFFECT_SNOW,SE_ENEMY_CERBERUS_SKILL_EFFECT_SNOW_HIT",,,,,GROUP_ENEMY_ICE_QUEEN,,,,1,,,,
Satan10,EnSatanH,5,41,33,42,0.8,"0,1.2,-15",Face_1,Boss,2,,,,,Nightmare,30,100,"SE_ENEMY_SATAN_SLEEP,SE_ENEMY_SATAN_SKILL_1",MagicAll,30,1,"SE_ENEMY_SATAN_ROCK_1,SE_ENEMY_SATAN_ROCK_2,SE_ENEMY_SATAN_ROCK_HIT",,,,,GROUP_ENEMY_SATAN,,,,1,,,,
SuperSatan10,EnSatanI,5,53,43,46,0.8,"0,2.9,-8.6",Face_1,Boss,2,Magic,,0.6,,,,,,MagicLock2,40,1.8,,MagicAll,30,0.8,,GROUP_ENEMY_SATAN,,,,1,,,,
Mimit10,EnMimitJ,1,30,30,40,3,,Spine,"Boss,VisibleDeath",2,LastMimit,100,,,,,100,,,,,,,,,,GROUP_ENEMY_MIMIT,Rare,,,1,,,,
Mimit11,EnMimitK,1,14,30,40,0.75,,Spine,Boss,1,CrashAttack,100,,,,,,,,,,,,,,,GROUP_ENEMY_MIMIT,Rare,,,1,,,,
