Alien0,0,0,1,Basic,,-0.4,3.9,,OneEye,"2,15,32,9,7,38,3,43,50,56,51,52","1,2,3,4,5",,,-3,0,,,3,10,,,FALSE
Alien1,0,0,1,Basic,,-0.4,3.9,,OneEye,"2,15,32,9,7,38,3,43,50,56,51,52","1,2,3,4,5",,,-3,0,,,3,10,,,FALSE
Alien2,0,0,0,Basic,,-0.2,-0.6,,Eye,"15,36,44,7,50,55,51,52","1,2,3,4,5",,,,,,,,,,,FALSE
Armor0,0,0,0,Basic,,0.8,-5.1,,Eye,"17,27,36,43,22,55,52,46,16,21","1,2,3,4,5",-2,8,-8,-4,-1,-1,4,7,-1,2,FALSE
Armor1,0,0,0,Basic,,0.8,-5.1,,Eye,"17,27,36,43,22,55,52,46,16,21","1,2,3,4,5",-2,8,-8,-4,-1,-1,4,7,-1,2,FALSE
Armor1,0,0,0,Basic,,0.8,-5.1,,Nose,"7,2,0,4,16",,,,,,,,8,8,,,FALSE
Armor2,0,0,0,Basic,,0.3,-3.9,,Brow,"12,8,2,20,22,18","0,1,2,3",0,8,-8,-8,0,0,0,4,-1,2,FALSE
Armor2,0,0,0,Basic,,0.3,-3.9,,Eye,"17,27,36,43,22,55,56,52,16,21","1,2,3,4,5",-2,8,-4,3,-1,-1,0,4,-1,2,FALSE
Armor2,0,0,0,Basic,,0.3,-3.9,,Mustache,1,"0,1",,,,,,,,,,,FALSE
Armor3,0,0,0,Basic,,0.3,-3.9,,Mustache,1,"0,1",,,,,,,,,,,FALSE
Banshee0,0,0,0,Basic,,-0.2,3,,Eye,"39,17,15,20,27,35,40,36,30,24,7,44,38,42,45,43,22,50,55,51",,,,,,-3,3,,,,,FALSE
Banshee1,0,0,1,Basic,,0.9,2.3,,Mouth,"1,22,13,14,24,33,34",,,,,,,,3,3,,,FALSE
Banshee2,0,0,0,Basic,,0.4,3,,Eye,"39,17,15,20,27,35,40,36,30,24,7,44,38,42,45,43,22,50,55,51",,0,2,3,3,-2,2,-1,1,,,FALSE
Banshee2,0,0,0,Basic,,0.4,3,,Mouth,"1,16,9,17,4,18,25,26,34,33",,,,4,4,,,-1,-1,,,FALSE
Banshee3,0,0,0,Basic,,0.1,-1.4,,Glass,"1,2,3,4,5","0,1,2,3",,,-3,-3,,,2,2,-1,-1,FALSE
Banshee3,0,0,0,Basic,,0.1,-1.4,,Eye,"4,0,39,17,19,30,45,22,55,51,59",,0,6,-3,-3,1,1,3,3,,,FALSE
Banshee3,0,0,0,Basic,,0.1,-1.4,,Mouth,"6,15,24,33,24,25,18,30",,,,10,10,2,2,2,2,,,FALSE
Bomb0,0,0,0,Basic,,,,,Eye,"27,15,36,6,44,43,22,50,55",,-2,4,-2,4,2,3,,,,,FALSE
Bomb1,0,0,0,Basic,,0.2,-2.3,,Glass,"6,7,8","0,1,4",,,,,,,,,,,FALSE
Bomb1,0,0,0,Basic,,0.2,-2.3,,Mouth,"22,17,14,26,34",,,,,,,,3,3,,,FALSE
Bomb2,0,0,0,Basic,,-0.2,-1,,Brow,"12,5,4",,-1,2,,,,,-1,-1,1,1,FALSE
Bomb2,0,0,0,Basic,,-0.2,-1,,Eye,"17,15,41,44,55,22,43,11,21",,,2,,3,,,-1,,,,FALSE
Bomb2,0,0,0,Basic,,-0.2,-1,,Nose,"1,6,9,11,16",,,,-1,,,,0,2,,,FALSE
Bread0,0,0,0,Basic,,0.3,-3.2,,Eye,"17,27,36,43,22,55,56,52,46,16,21","1,2,3,4,5",-1,8,-8,3,-2,2,0,4,-1,2,FALSE
Bread1,0,0,0,Basic,,0.3,-3.2,,Eye,"17,27,36,43,22,55,56,52,46,16,21","1,2,3,4,5",-1,8,-8,3,-2,2,0,4,-1,2,FALSE
Bread2,0,0,0,Basic,,0.3,-3.2,,Eye,"17,27,36,43,22,55,56,52,46,16,21","1,2,3,4,5",-2,3,-8,3,-2,2,0,4,-1,2,FALSE
Bread2,0,0,0,Basic,,0.3,-3.2,,Nose,"7,2,0,4,11,16",,,,4,6,,,1,3,,,FALSE
Bread3,0,0,0,Basic,,0.3,-3.2,,Nose,"7,2,0,4,11,16",,,,4,6,,,1,3,,,FALSE
Bread4,0,0,0,Basic,,0.3,-3.2,,Nose,"7,2,0,4,11,16",,,,4,6,,,1,3,,,FALSE
Burger0,0,0,0,Basic,,-0.3,-2.4,,Eye,"17,15,44,55,43",2,-2,4,0,0,0,2,7,10,,,FALSE
Burger1,0,0,0,Basic,,-0.3,-2.6,,Brow,"12,5,4","0,1,2,3",-2,2,-1,-1,1,1,10,10,,,FALSE
Burger1,0,0,0,Basic,,-0.3,-2.6,,Eye,"17,15,41,44,55,43","4,5",-2,4,,,-1,2,7,10,,,FALSE
Burger1_Boss,0,0,0,Basic,,-0.3,-2.6,,Brow,"12,5,4","0,1,2,3",-2,2,-1,-1,1,1,10,10,,,FALSE
Burger1_Boss,0,0,0,Basic,,-0.3,-2.6,,Eye,"17,15,41,44,55,43","4,5",-2,4,,,-1,2,7,10,,,FALSE
Burger2,0,0,0,Basic,,0.8,1.4,,Brow,"12,5,4","0,1,2,3",4,4,-8,-8,0,0,6,6,-2,-2,FALSE
Burger2,0,0,0,Basic,,0.8,1.4,,Eye,"17,15,41,44,55,43","2,3,4,5",4,4,-4,-4,2,2,10,10,,,FALSE
Burger2,0,0,0,Basic,,0.8,1.4,,Nose,"8,6,9,11,16",,4,4,10,10,2,2,6,6,,,FALSE
Burger2_Boss,0,0,0,Basic,,0.8,1.4,,Brow,"12,5,4","0,1,2,3",4,4,-8,-8,0,0,6,6,-2,-2,FALSE
Burger2_Boss,0,0,0,Basic,,0.8,1.4,,Eye,"17,15,41,44,55,43","2,3,4,5",4,4,-4,-4,2,2,10,10,,,FALSE
Burger2_Boss,0,0,0,Basic,,0.8,1.4,,Nose,"8,6,9,11,16",,4,4,10,10,2,2,6,6,,,FALSE
Butterfly0,0,0,0,Basic,,-0.2,-2.2,,Eye,"4,0,27,12,40,35,36,6,24,30,22,43,42,50,56,59,58,55,46",,1,1,-1,,,,10,10,0,0,FALSE
Butterfly0_1,0,0,0,Basic,,-0.2,-0.8,1,Eye,59,2,,,,,,,10,10,0,0,FALSE
Butterfly0_2,0,0,0,Basic,,-0.2,-1.1,1,Eye,43,4,1,1,1,1,1,1,10,10,0,0,FALSE
Butterfly1,0,0,1,Basic,,1.2,2.8,,Mouth,"22,13,17,14,24,33,34,6,3","0,1,2,4",,,,,,,10,10,0,0,FALSE
Butterfly2,0,0,1,Basic,,1.2,2.8,,Mouth,"22,13,17,14,24,33,34,6,3","0,1,2,4",,,,,,,10,10,0,0,FALSE
Butterfly3,0,0,0,Basic,,-0.3,-0.8,,Eye,"0,20,40,35,30,46,38,42,45,10,58,59","1,2,3,4,5",0,0,-8,-8,,,1,1,,,FALSE
Butterfly3,0,0,0,Basic,,-0.3,-0.8,,Mouth,"1,22,13,17,14,24,33,34","0,1,2,4",,,2,2,,,10,10,,,FALSE
ButterflyDemo0,0,0,0,Basic,,-0.2,-0.8,1,Eye,59,2,,,,,,,10,10,0,0,FALSE
ButterflyDemo2,0,0,0,Basic,,0,0.7,1,Eye,43,4,2,2,,,1,1,10,10,0,0,FALSE
Butterfly4,0,0,1,Basic,,-0.1,3.1,-1,OneEye,"2,15,32,9,7,38,43,3,50,56,51,52",,,,-1,,,,,2,,,FALSE
Butterfly5,0,0,1,Basic,,-0.1,3.1,-1,OneEye,"2,15,32,9,7,38,43,3,50,56,51,52",,,,-1,,,,,2,,,FALSE
Butterfly5,1,0,1,Basic,,0.7,1.4,-1,Nose,"1,6,9,11,16",,,,-1,,,,,2,,,FALSE
Butterfly5,2,0,1,Basic,,1,4.3,-1,Mouth,"1,22,13,17,14,24,33,34",,,,-1,,,,,2,,,FALSE
Butterfly6,0,0,0,Basic,,-0.2,,-1,Eye,"27,36,5,24,30,31,22,42,43,50,55,52,58,48",,,,-1,,,,,2,0,0,FALSE
Butterfly6,1,0,1,Basic,,0.7,1.9,-1,Nose,"1,6,9,11,16",,,,-1,,,,,2,10,10,FALSE
Butterfly6,1,0,1,Basic,,0.7,1.9,-1,Mouth,"1,22,13,17,14,24,33,34",,,,-1,,,,,2,10,10,FALSE
Butterfly7,0,0,0,Basic,,-0.2,-1.4,-1,Brow,"4,2,20,11","4,6,7",-1,-1,-1,-1,,,2,2,0,0,FALSE
Butterfly7,0,0,0,Basic,,-0.2,-1.4,-1,Eye,"27,36,24,30,31,22,42,43,50,55,52,58,48,46","1,2,3,4,5",-1,-1,,,,,2,2,0,0,FALSE
Butterfly8,0,0,0,Basic,,-0.2,-1.4,-1,Eye,"27,36,24,30,31,22,42,43,50,55,52,58,48,46","1,2,3,4,5",-1,-1,,,,,2,2,0,0,FALSE
Butterfly9,0,0,0,Basic,,-0.2,-1.4,-1,Eye,"27,36,24,30,31,22,42,43,50,55,52,58,48,46","1,2,3,4,5",-1,-1,,,,,2,2,0,0,FALSE
Cactus0,0,0,0,Basic,,0.1,-1.6,,Mouth,"21,22,9,17,15,14,24,25,34,33",,,,10,10,,,,,,,FALSE
Cactus0,0,0,0,Basic,,0.1,-1.6,,Nose,"1,2,4,5,6,7,10,11,13,14",,,,-1,-1,,,0,0,,,FALSE
Cactus0,0,0,0,Basic,,0.1,-1.6,,Eye,"0,39,15,27,20,19,35,36,30,46,7,44,38,42,45,29,43,22,10,50,55,51,52",,-3,3,-10,-10,,,0,0,,,FALSE
Cactus1,0,0,0,Basic,,0,3.1,,Glass,"6,7,8",,,,-10,-10,,,,,,,FALSE
Cactus1,0,0,0,Basic,,0,3.1,,Nose,"10,2,3,0,4,7,1,16,9,6",,,,3,3,,,,,,,FALSE
Cactus1,0,0,0,Basic,,0,3.1,,Mouth,"1,13,11,4,27,24,22,14,34",1,,,10,10,,,1,1,,,FALSE
Cactus2,0,0,0,Basic,,0.3,,,Eye,"0,39,15,27,20,19,35,36,30,46,7,44,38,42,45,29,43,22,10,50,55,51,52",,,,,,,,,,,,FALSE
Cerberus0,0,0,3,Basic,,0.1,0.1,,Eye,"0,39,15,27,20,19,35,36,30,46,7,44,38,42,45,29,43,22,10,50,55,51,52","1,2,3,4,5",2,2,-10,-10,,,,,,,FALSE
Cerberus0,0,0,3,Basic,,0.3,-2.9,,Brow,"6,12,4,2",4,3,3,-10,-10,0,0,5,5,0,0,FALSE
Cerberus0,0,0,3,Basic,,0.1,0.1,,Nose,"1,6,9,11,16",,,,,,,,,,,,FALSE
Cerberus1,0,0,3,Basic,,0.1,0.1,,Eye,"0,39,15,27,20,19,35,36,30,46,7,44,38,42,45,29,43,22,10,50,55,51,52","1,2,3,4,5",2,2,-10,-10,,,,,,,FALSE
Cerberus1,0,0,3,Basic,,0.1,0.1,,Nose,"1,6,9,11,16",,,,,,,,,,,,FALSE
Cerberus2,0,0,3,Basic,,0.3,-2.9,,Brow,"6,12,4,2",4,3,3,-10,-10,0,0,5,5,0,0,FALSE
Cerberus2,0,1,1,Basic,,-0.3,1,,Eye,"0,39,15,27,20,19,35,36,30,46,7,44,38,42,45,29,43,22,10,50,55,51,52","1,2,3,4,5",-2,7,-7,10,-2,2,0,3,,,FALSE
Cerberus2,0,2,2,Basic,,-0.3,1,,Eye,"0,39,15,27,20,19,35,36,30,46,7,44,38,42,45,29,43,22,10,50,55,51,52","1,2,3,4,5",-2,7,-7,10,-2,2,0,3,,,FALSE
Cerberus3,0,0,3,Basic,,0.3,-2.9,,Brow,"6,12,4,2",4,3,3,-10,-10,0,0,5,5,0,0,FALSE
Cerberus3,0,0,3,Basic,,0.3,-2.9,,Eye,"55,22,43,44,27","1,4,5",3,3,-6,-6,,,10,10,,,FALSE
Cerberus3,0,0,3,Basic,,0.3,-2.9,,Mouth,"14,34",,,,8,8,,,10,10,,,FALSE
CerberusDemo0,0,0,0,None,,-0.2,-2.3,,All,,,,,,,,,10,10,,,FALSE
CerberusDemo0,0,1,1,None,,-0.2,-2.3,,All,,,,,,,,,,,,,FALSE
CerberusDemo0,0,2,2,None,,-0.2,-2.3,,All,,,,,,,,,,,,,FALSE
Cloud0,0,0,0,Basic,,-0.1,-1,,Eye,"1,23,34,21,35,38,10,2,25",,3,4,,,-2,-1,5,6,,,FALSE
Cloud1,0,0,0,Basic,,-0.8,-2.4,,Brow,"6,12,4,2,22","0,1,2,5,7",1,1,-7,-7,1,1,3,3,,,FALSE
Cloud1,0,0,0,Basic,,-0.8,-2.4,,Eye,"6,30,43,22,50,55",,-1,10,,,2,4,4,6,,,FALSE
Cloud2,0,0,0,Basic,,-0.8,-2.4,,Eye,"6,30,43,22,50,55",,-1,10,,,2,4,4,6,,,FALSE
Cloud3,0,0,1,Basic,,0.3,-4.1,,Brow,"8,13,20,18",,3,4,-2,-2,-2,-1,4,4,,,FALSE
Cloud3,0,0,1,Basic,,0.3,-4.1,,Glass,"1,3,4,5","0,1,2,3",-1,4,5,5,-3,1,6,6,,,FALSE
Cloud3,0,0,1,Basic,,0.3,-4.1,,Eye,"28,46,3,10,29,27,4,33,11,57",,-1,5,3,3,-2,0,4,6,,,FALSE
Cloud4,0,0,0,Basic,,-0.8,-2.4,,Eye,"6,30,43,22,50,55",,-1,10,,,2,4,4,6,,,FALSE
Cobra0,0,0,0,Basic,,0.4,2,,Brow,"15,4,18,22,16","2,3,5,6",-1,2,2,3,0,2,0,1,,,FALSE
Cobra1,0,0,0,Basic,,0.4,2,,Brow,"15,4,18,22,16","2,3,5,6",-1,2,2,3,0,2,0,1,,,FALSE
Cobra1,0,0,0,Basic,,0.4,2,,Eye,"2,9,5,41,57,11","1,2,3,4,5",-2,4,3,10,-1,2,0,4,-2,0,FALSE
Cobra2,0,0,0,Basic,,0.3,1.7,,Brow,"8,2,22,6",0,1,3,2,2,-2,-1,-2,0,,,FALSE
Cobra2,0,0,0,Basic,,0.3,1.7,,Nose,"7,2,0,11,16,12,9",,,,-2,1,,,0,2,,,FALSE
Cobra2,0,0,0,Basic,,0.3,1.7,,Mouth,"8,10,6,18,30,35,31,32,15",,,,1,1,,,-1,1,,,FALSE
Cobra3,0,0,0,Basic,,0.2,2.1,,Brow,"19,16,21,6","4,6,7",-1,-1,2,2,0,1,0,3,,,FALSE
Cobra3,0,0,0,Basic,,0.2,2.1,,Glass,"6,7,8",,,,3,3,0,0,-1,-1,,,FALSE
Cobra3,0,0,0,Basic,,0.2,2.1,,Nose,"2,0,4,11,16,1",,,,1,1,,,-2,1,,,FALSE
Cobra3,0,0,0,Basic,,0.2,2.1,,Mouth,"8,10,6,18,30,35,31,15",,,,1,1,,,1,1,,,FALSE
Cobra4,0,0,0,Basic,,0.2,2.1,,Glass,"6,7,8",,,,3,3,0,0,-1,-1,,,FALSE
Cobra5,0,0,0,Basic,,0.2,2.1,,Nose,"2,0,4,11,16,1",,,,1,1,,,-2,1,,,FALSE
Crystal0,0,0,0,Basic,,-0.1,1.1,,Eye,"15,33.46,7,38,3,43,10,56,52","1,2,3,4,5",1,1,,,,,10,10,,,FALSE
Crystal1,0,0,0,Basic,,0.2,1.7,,Eye,"0,39,15,19,46,45,42,22,55,24,30","1,2,3,4,5",-2,2,1,7,,,,,,,FALSE
Crystal1,0,0,0,Basic,,0.2,1.7,,Mouth,"22,13,14,17,27,24,26,34","1,2",,,,,,,,,,,FALSE
Crystal2,0,0,0,Basic,,0,0.3,,Brow,"8,22,1,11","1,2,3,4,5",2,2,-6,-6,,,2,3,,,FALSE
Crystal2,0,0,0,Basic,,0,0.3,,Eye,"0,40,35,30,42,56,46,45,10","1,2,3,4,5",2,2,-4,-1,,,0,4,,,FALSE
Crystal2,0,0,0,Basic,,0,0.3,,Mouth,"22,13,14,17,27,24,26,34","1,2,3,4",,,,,,,10,10,,,FALSE
Demon0,0,0,0,Basic,,0.5,1,,OneEye,"2,15,32,9,7,38,43,3,50,56,51,52",,,,6,6,,,3,3,-2,-2,FALSE
Demon1,0,0,0,Basic,,0.5,1,,OneEye,"2,15,32,9,7,38,43,3,50,56,51,52",,,,6,6,,,3,3,-2,-2,FALSE
Demon1,0,0,0,Basic,,0.5,1,,Mouth,"21,22,9,17,15,14,24,25,34,33",,,,2,2,,,-1,-1,,,FALSE
Demon2,0,0,0,Basic,,0.1,-2.5,,Brow,"19,16,21,6,18,2,22",7,,,,,,,5,5,1,1,FALSE
Demon2,0,0,0,Basic,,0.1,-2.5,,Glass,"6,7,8",,,,6,6,,,3,3,,,FALSE
Demon2,0,0,0,Basic,,0.1,-2.5,,Eye,"36,44,43,22,55,50",,,,6,6,,,3,3,,,FALSE
Demon2,0,0,0,Basic,,0.1,-2.5,,Mouth,"21,22,9,17,15,14,24,25,34,33",,,,5,5,,,5,5,,,FALSE
Demon3,0,0,0,Basic,,0.1,-2.5,,Mouth,"21,22,9,17,15,14,24,25,34,33",,,,5,5,,,5,5,,,FALSE
Devil0,0,0,0,Basic,,-0.1,0.5,,OneEye,"2,15,32,9,7,38,43,3,50,56,51,52,44",,,,,,,,3,3,,,FALSE
Devil1,0,0,0,Basic,,-0.1,-2.5,,Eye,"36,44,43,22,56,55",,,,,,,,2,2,,,FALSE
Devil1_Boss,0,0,0,Basic,,-0.1,-2.5,,Eye,55,4,,,,,2,2,3,3,,,FALSE
Devil2,0,0,0,Basic,Spite,-0.1,0.5,,OneEye,43,2,,,,,,,4,4,,,FALSE
Devil3,0,0,0,Basic,,,0,,Eye,"27,36,24,22,50,41",,0,2,3,3,2,2,,,0,0,FALSE
Devil3,0,0,0,Basic,,,0,,Glass,"1,2,3,4,5","0,1,2,3",-2,-2,2,2,2,2,,,5,5,FALSE
Devil4,0,0,0,Basic,Spite,-0.8,-0.1,,Brow,22,4,1,1,-2,-2,,,3,3,,,FALSE
Devil4,0,0,0,Basic,Spite,-0.8,-0.1,,Eye,43,,1,1,,,,,3,3,,,FALSE
Devil5,0,0,0,Basic,,-0.1,-2.5,,Eye,"36,44,43,22,56,55",,,,,,,,2,2,,,FALSE
Devil6,0,0,0,Basic,,-0.1,-2.5,,Eye,"36,44,43,22,56,55",,,,,,,,2,2,,,FALSE
Devil7,0,0,0,Basic,,-0.1,-2.5,,Eye,"36,44,43,22,56,55",,,,,,,,2,2,,,FALSE
Devil8,0,0,0,Basic,,-0.1,-2.5,,Eye,"36,44,43,22,56,55",,,,,,,,2,2,,,FALSE
Devil9,0,0,0,Basic,,-0.1,-2.5,,Eye,"36,44,43,22,56,55",,,,,,,,2,2,,,FALSE
Dog0,0,0,0,Basic,,0.4,1,,Mouth,"31,32,23,28,17",,-2,0,0,5,-2,2,2,5,,,FALSE
Dog1,0,0,0,Basic,,0.4,1,,OneEye,"15,33,7,3,43,51,52,9,56","1,2,3,4,5",-2,0,0,2,-2,2,5,10,,,FALSE
Dog1,0,0,0,Basic,,0.4,1,,Mouth,"31,32,23,28,17",,-2,0,0,5,-2,2,2,5,,,FALSE
Dog2,0,0,0,Basic,,0.5,1,,Brow,"8,13,20","1,2,3,4,5",-2,7,-3,-2,-2,2,-2,3,0,2,FALSE
Dog2,0,0,0,Basic,,0.5,1,,Eye,"10,4,33,11,19","1,2,3,4,5",-2,7,-1,8,-2,2,0,5,-2,2,FALSE
Dog2,0,0,0,Basic,,0.5,1,,Mouth,"6,18,25,26",,-2,7,10,10,-2,2,0,5,,,FALSE
Dragon0,0,0,0,Basic,,-0.2,2.7,,Eye,43,2,,,,,2,2,3,3,,,FALSE
Dragon1,0,0,0,Basic,,-0.1,1,,OneEye,"2,15,32,9,7,38,43,3,50,56,51,52",,,,,,2,2,3,3,,,FALSE
Dragon2,0,0,0,Basic,,-0.3,2.7,,Eye,"43,15,32,44,7,3,50,56,51,52",,,,-3,-3,,,1,1,,,FALSE
Dragon2_Boss,0,0,0,Basic,,-0.3,2.7,,Eye,"43,15,32,44,7,3,50,56,51,52",,,,-3,-3,,,1,1,,,FALSE
Dragon3,0,0,0,Basic,,-0.3,2.7,,Eye,"43,15,44,7,3,50,56,51,52",,,,,,2,2,3,3,,,FALSE
EatPlant0,0,0,0,Basic,,-0.6,-1.5,,Eye,"0,20,40,35,30,46,38,42,45,10,58,59",,2,2,,,,,9,9,,,FALSE
EatPlant1,0,0,0,Basic,,0,1.1,,Eye,"0,20,40,35,30,46,38,42,45,10,58,59","1,2,3,4,5",2,2,-3,-3,,,,,,,FALSE
EatPlant1,0,0,0,Basic,,0,1.1,,Mouth,"19,21,8,6,9,18,25",1,,,1,1,,,,,,,FALSE
EatPlant2,0,0,0,Basic,,-0.1,1.1,,Brow,"6,12,4,18,22,11","1,2,3,5,6,7",2,2,-5,-5,,,,,,,FALSE
EatPlant2,0,0,0,Basic,,-0.1,1.1,,Eye,"0,20,40,35,30,46,38,42,45,10,58,59","1,2,3,4,5",2,2,-4,-4,,,,,,,FALSE
EatPlant2,0,0,0,Basic,,-0.1,1.1,,Mouth,"19,21,8,6,9,18,25",1,,,1,1,,,,,,,FALSE
Excite0,0,0,0,Basic,,-0.6,-1.1,,Eye,"0,20,40,35,30,46,38,42,45,10,58,59",,,,,,,,10,10,,,FALSE
Excite1,0,0,0,Basic,,-0.5,-1.1,,Brow,"6,12,4,18,22,11",,,,-2,-2,,,8,8,,,FALSE
Excite1,0,0,0,Basic,,-0.5,-1.1,,Eye,"0,20,40,35,30,46,38,42,45,10,58,59",,,,,,,,10,10,,,FALSE
Excite2,0,0,0,Basic,,-0.6,0.2,,Glass,"6,7,8","0,1,4",,,,,,,,,,,FALSE
Fluff0,0,0,0,Basic,,0,-0.3,,Eye,"15,7,38,3,43,56,51,52",,2,2,-10,-10,,,9,9,,,FALSE
Fluff0,0,0,0,Basic,,0,-0.3,,Mouth,"21,22,9,17,15,14,24,25,34,33",,,,-2,-2,,,10,10,,,FALSE
Fluff1,0,0,0,Basic,,1,1.6,,Eye,"0,39,15,27,33,35,46,28,31,7,44,42,45,43,22,3,55,52",,,,-1,-1,,,10,10,,,FALSE
Fluff2,0,0,0,Basic,,1,1.3,,Eye,"0,39,15,27,33,35,46,28,31,7,44,42,45,43,22,3,55,52",,,,-1,-1,,,10,10,,,FALSE
Fluff3,0,0,0,Basic,,0.1,-1.3,,Eye,"15,7,38,3,43,56,51,52",,2,2,-8,-8,,,3,3,,,FALSE
Fluff3,0,0,0,Basic,,0.1,-1.3,,Nose,"10,2,3,0,5,7,14",,,,2,2,,,2,2,,,FALSE
Fluff3,0,0,0,Basic,,0.1,-1.3,,Mouth,"21,22,9,17,15,14,24,25,34,33",,,,5,5,,,1,1,,,FALSE
Fluff4,0,0,0,Basic,,-0.6,3.6,,Brow,"6,4,2,20,14,5",,,,-1,-1,,,,,,,FALSE
Fluff4,0,0,0,Basic,,-0.6,3.6,,Eye,"0,39,15,27,33,35,46,28,31,7,44,42,45,43,22,3,55,52",,,,-1,-1,,,,,,,FALSE
Fluff5,0,0,0,Basic,,0.1,-1.3,,Brow,"6,4,2,20,14,5",,4,4,-10,-10,,,3,3,,,FALSE
Fluff5,0,0,0,Basic,,0.1,-1.3,,Eye,"15,7,38,3,43,56,51,52",,4,4,-6,-6,,,3,3,,,FALSE
Fluff5,0,0,0,Basic,,0.1,-1.3,,Nose,"10,2,3,0,5,7,14",,,,4,4,,,2,2,,,FALSE
Fluff5,0,0,0,Basic,,0.1,-1.3,,Mouth,"21,22,9,17,15,14,24,25,34,33",,,,10,10,,,1,1,,,FALSE
Fluff6,0,0,0,Basic,,-0.1,4.4,-1,OneEye,"0,39,15,27,33,35,46,28,31,7,44,42,45,43,22,3,55,52",,,,-1,-1,,,,,,,FALSE
Fluff6,1,0,0,Basic,,-0.1,4.4,-1,OneEye,"0,39,15,27,33,35,46,28,31,7,44,42,45,43,22,3,55,52",,,,-1,-1,,,,,,,FALSE
Fluff6,2,0,0,Basic,,0.7,3.6,-1,Nose,"1,2,6,7,8,9,11,12,13,16",,,,-1,-1,,,,,,,FALSE
Fluff6,3,0,0,Basic,,1.1,4.9,-1,Mouth,"21,22,9,17,15,14,24,25,34,33",,,,-1,-1,,,,,,,FALSE
Fluff7,0,0,0,Basic,,-0.2,3.2,-1,Brow,"6,4,2,20,14,5",,,,-1,-1,0,0,,,,,FALSE
Fluff7,0,0,0,Basic,,-0.2,3.2,-1,Eye,"0,39,15,27,33,35,46,28,31,7,44,42,45,43,22,3,55,52",,-1,-1,-1,-1,-2,0,2,2,,,FALSE
Fluff7,1,0,0,Basic,,-0.2,3.2,-1,Brow,"6,4,2,20,14,5",,,,-1,-1,0,0,,,,,FALSE
Fluff7,1,0,0,Basic,,-0.2,3.2,-1,Eye,"0,39,15,27,33,35,46,28,31,7,44,42,45,43,22,3,55,52",,-1,-1,-1,-1,-2,0,2,2,,,FALSE
Fluff7,2,0,1,Basic,,0.6,3.2,-1,Nose,"1,2,6,7,8,9,11,12,13,16",,,,-1,-1,,,,,,,FALSE
Fluff7,2,0,1,Basic,,0.6,3.2,-1,Mouth,"21,22,9,17,15,14,24,25,34,33",,,,-1,-1,,,,,,,FALSE
Fluff8,0,0,0,Basic,,0.1,-0.3,-1,Eye,"0,39,15,27,33,35,46,28,31,7,44,42,45,43,22,3,55,52",,-2,-2,-1,-1,-2,2,5,5,,,FALSE
Fluff8,0,0,0,Basic,,0.1,-0.3,-1,Mouth,"21,22,9,17,15,14,24,25,34,33",,,,-2,-2,,,8,8,,,FALSE
Fluff8,1,0,0,Basic,,0.1,-0.3,-1,Brow,"6,4,2,20,14,5",,,,0,0,2,2,,,,,FALSE
Fluff8,1,0,0,Basic,,0.1,-0.3,-1,Eye,"0,39,15,27,33,35,46,28,31,7,44,42,45,43,22,3,55,52",,-2,-2,-1,-1,-2,2,5,5,,,FALSE
Fossil0,0,0,0,Basic,,-0.4,0.9,,Eye,"15,27,33,19,28,46,36,44,7,22,43,3,50,55",,-2,2,-9,-4,,,,2,,,FALSE
Fossil1,0,0,0,Basic,,1.4,-5.8,,Eye,"15,27,17,33,19,36,7,44,3,43,22,50,56,55,51","0,4,5",1,6,-8,-6,-1,1,1,6,,,FALSE
Fossil1,0,0,0,Basic,,1.4,-5.8,,Nose,"1,2,6,7,8,9,11,12,13,16",,,,9,10,,,2,2,,,FALSE
Fossil2,0,0,0,Basic,,0.9,-2.4,,Eye,"36,24,22,50,15,3,48,27,46,52,30,45",,2,2,,,,,,,,,FALSE
Fossil3,0,0,0,Basic,,-0.3,2.4,-1,Eye,"0,39,15,27,33,35,46,28,31,7,44,42,45,43,22,3,55,52",,-2,1,-10,6,,,10,10,,,FALSE
Fossil3,1,0,0,Basic,,0.9,1.1,-1,Mouth,"22,6,13,17,14,24,34,32",1,,,,,,,10,10,,,FALSE
Fossil4,0,0,0,Basic,,0.1,1.9,-1,OneEye,"0,39,15,27,33,35,46,28,31,7,44,42,45,43,22,3,55,52",,,,-3,-3,,,5,5,,,FALSE
Fossil4,0,0,0,Basic,,0.1,1.9,-1,Mouth,"21,22,9,17,15,14,24,25,34,33",,,,-4,-4,,,4,4,,,FALSE
Fossil5,0,0,0,Basic,,0.4,-2.4,-1,Eye,"0,39,15,27,33,35,46,28,31,7,44,42,45,43,22,3,55,52",,1,1,-4,-4,,,10,10,,,FALSE
Fossil5,0,0,0,Basic,,0.4,-2.4,-1,Mouth,"21,22,9,17,15,14,24,25,34,33",,,,4,4,,,,,,,FALSE
Frog0,0,0,0,Basic,,,2.6,,Mouth,"14,34",,,,,,,,3,3,,,FALSE
Frog1,0,0,0,Basic,,,2.6,,Mouth,"14,34",,,,,,,,3,3,,,FALSE
Frog2,0,0,0,Basic,,,2.6,,Mouth,"14,34",,,,,,,,3,3,,,FALSE
Frog3,0,0,0,Basic,,,2.6,,Eye,"43,22,44,7,55",4,,,5,5,2,2,10,10,,,FALSE
Frog3,0,0,0,Basic,,,2.6,,Mouth,"14,34",,,,,,,,3,3,,,FALSE
Frog4,0,0,0,Basic,,,2.6,,Eye,"35,0,30,45,29",5,,,5,5,2,2,10,10,,,FALSE
Frog4,0,0,0,Basic,,,2.6,,Mouth,"24,13,27",1,,,,,,,3,3,,,FALSE
Goblin0,0,0,0,Basic,,,-9,,Eye,"0,39,15,27,20,19,35,36,30,46,7,44,38,42,45,29,43,22,10,50,55,51,52","0,1,2,4,5",-3,4,0,0,-1,2,7,10,-2,0,FALSE
Goblin0_Dish,0,0,0,Basic,,,-9,,Eye,"0,39,15,27,20,19,35,36,30,46,7,44,38,42,45,29,43,22,10,50,55,51,52","0,1,2,4,5",-3,4,0,0,-1,2,7,10,-2,0,FALSE
GoblinFairy,0,0,0,Basic,,,-3.6,,Eye,"4,1,33,19,28,10,58,46","0,1,2,4,5",0,0,0,0,,,10,10,0,0,FALSE
GoblinMagic,0,0,0,Basic,,,-9,,Eye,"27,36,24,22,50,41,11,33,3",,0,4,2,2,0,0,8,8,0,0,FALSE
GoblinMagic,0,0,0,Basic,,,-9,,Glass,"1,2,3,4,5","0,1,2,3",-2,-2,0,0,2,2,8,8,0,0,FALSE
GoblinRed,0,0,0,Basic,,0.1,-9,,Brow,"13,20,2","0,1,2,5",1,6,-1,-1,-1,-1,7,10,-1,-1,FALSE
GoblinRed,0,0,0,Basic,,0.1,-9,,Eye,"52,56,0,35,38",,1,6,,,-2,0,7,10,-1,0,FALSE
GoblinRobot,0,0,0,Basic,,-0.3,1.4,,Brow,"6,12,4,2","0,1,2",1,1,-10,-10,0,0,5,5,0,0,FALSE
GoblinRobot,0,0,0,Basic,,-0.3,1.4,,Eye,"45,28,46,7,3,51,56","1,2,3,4,5",2,2,10,10,0,0,2,2,0,0,FALSE
GoblinSpace,0,0,0,Basic,,-0.2,-9,,Glass,"6,7,8",,-3,-3,-2,-2,-1,-1,3,3,0,0,FALSE
GoblinSpace,0,0,0,Basic,,-0.2,-9,,Eye,"17,27,36,22,44,50,56,55,51",,-1,4,-2,-2,-1,-1,5,5,0,0,FALSE
GoblinSpace,0,0,0,Basic,,-0.2,-9,,Brow,"6,12,14,4,22","0,1,2,5",0,1,-5,-5,0,0,4,4,1,1,FALSE
Golem0,0,0,0,Basic,,0.6,-0.8,,Eye,"23,34,21,25,48,41",,1,4,-2,10,-2,-2,2,6,,,FALSE
Golem1,0,0,0,Basic,,0.6,-0.8,,Eye,"23,34,21,25,48,41",,1,4,-2,10,-2,-2,2,6,,,FALSE
Golem2,0,0,0,Basic,,0.6,-0.8,,Eye,"23,34,21,25,48,41",,1,4,-2,10,-2,-2,2,6,,,FALSE
Golem3,0,0,0,Basic,,0.6,-0.8,,Eye,"23,34,21,25,48,41",,1,4,-2,10,-2,-2,2,6,,,FALSE
Golem4,0,0,0,Basic,,0.6,-0.8,,Eye,"23,34,21,25,48,41",,1,4,-2,10,-2,-2,2,6,,,FALSE
Golem5,0,0,0,Basic,,0.6,-0.8,,Eye,"23,34,21,25,48,41",,1,4,-2,10,-2,-2,2,6,,,FALSE
Golem6,0,0,0,Basic,,0.6,-0.8,,Eye,"23,34,21,25,48,41",,1,4,-2,10,-2,-2,2,6,,,FALSE
Gorilla0,0,0,0,Basic,,,,,Eye,"39,17,36,46,43,44,22,45,7,50,55,51",,-2,10,2,4,1,1,3,5,,,FALSE
Gorilla1,0,0,0,Basic,,,,,Eye,"39,17,36,46,43,44,22,45,7,50,55,51",,-2,10,2,4,1,1,3,5,,,FALSE
Gorilla2,0,0,0,Basic,,,,,Brow,"6,12,4,5,2,20,22,18,13",4,0,5,-3,-3,1,1,5,5,,,FALSE
Gorilla2,0,0,0,Basic,,,,,Eye,"39,17,36,46,43,44,22,45,7,50,55,51",,-2,10,2,4,1,1,3,5,,,FALSE
Gorilla2,0,0,0,Basic,,,,,Mustache,1,4,10,10,,,1,1,3,8,,,FALSE
Gorilla2_Boss,0,0,0,Basic,,,,,Brow,"6,12,4,5,2,20,22,18,13",4,0,5,-3,-3,1,1,5,5,,,FALSE
Gorilla2_Boss,0,0,0,Basic,,,,,Eye,"39,17,36,46,43,44,22,45,7,50,55,51",,-2,10,2,4,1,1,3,5,,,FALSE
Gorilla2_Boss,0,0,0,Basic,,,,,Mustache,1,4,10,10,,,1,1,3,8,,,FALSE
Gremlin0,0,0,0,Basic,,,,,Eye,"0,39,15,27,20,19,35,36,30,46,7,44,38,42,45,29,43,22,10,50,55,51,52",,10,10,,,,,5,5,,,FALSE
Gremlin1,0,0,0,Basic,,0.1,0.8,,OneEye,43,2,10,10,,,,,5,5,,,FALSE
Gremlin2,0,0,0,Basic,,,1.5,,Eye,"15,32,7,44,38,3,43,50,56,51,52,19,45",,8,8,,,,,10,10,,,FALSE
Griffon0,0,0,0,Basic,,,-6.2,,Eye,"0,39,15,27,20,19,35,36,30,46,7,44,38,42,45,29,43,22,10,50,55,51,52",,3,3,,,,,10,10,,,FALSE
Griffon0_Boss,0,0,0,Basic,,,-6.2,,Eye,43,2,3,3,,,,,10,10,,,FALSE
Griffon1,0,0,0,Basic,,1.2,-10,,Mouth,"1,4,27,24,34,14","0,1,2",,,,,,,6,6,,,FALSE
Griffon2,0,0,0,Basic,,,-2,,Eye,"0,39,15,27,20,19,35,36,30,46,7,44,38,42,45,29,43,22,10,50,55,51,52","1,2,3,4,5",-1,-1,,,,,10,10,,,FALSE
Griffon2_D,0,0,0,Basic,,-5.7,-9.5,,Eye,0,,,,,,,,,,,,FALSE
Hammer0,0,0,0,Basic,,-0.3,-0.7,,Eye,"39,55,31,27,15,11,19,46,3","1,2,3,4,5",-2,3,-6,3,-2,2,5,10,,,FALSE
Hammer1,0,0,0,Basic,,-0.3,-0.7,,Eye,"39,55,31,27,15,11,19,46,3","1,2,3,4,5",-2,3,-6,3,-2,2,5,10,,,FALSE
Hammer2,0,0,0,Basic,,0.2,-0.8,,Brow,"6,12,1,21,5,4,11,2,14,20,15,22,18,16,13","1,2,3,4,5",2,2,-7,-7,,,,,,,FALSE
Hammer2,0,0,0,Basic,,0.2,-0.8,,Eye,"17,15,36,6,46,7,44,43,22,3,50,56,55,51,52","1,2,3,4,5",0,4,-3,2,,,2,5,,,FALSE
Hammer2,0,0,0,Basic,,0.2,-0.8,,Nose,"7,2,0,4,11,16,12",,,,2,2,,,1,1,,,FALSE
Harpy0,0,0,0,Basic,,-0.3,2.3,,Eye,"4,1,33,19,11,10","1,2,3,4,5",,,,,,,,,,,FALSE
Harpy1,0,0,0,Basic,,-0.1,-1.1,,OneEye,"15,32,9,7,44,38,43,48,50,56,52,51","1,2,3,4,5",,,,,,,10,10,,,FALSE
Harpy2,0,0,0,Basic,,-0.2,0.7,,Eye,"15,27,33,11,28,46,7,42,45,10,56,59","1,2,3,4,5",2,2,-8,-8,,,1,1,,,FALSE
Harpy2,0,0,0,Basic,,-0.2,0.7,,Nose,2,,,,-3,-3,,,3,3,,,FALSE
Harpy2,0,0,0,Basic,,-0.2,0.7,,Mouth,"13,6,18,9,24,33,25,32",1,,,-1,-1,,,10,10,,,FALSE
Hieroglyph0,0,0,0,Basic,,-0.1,0,,Eye,"0,39,15,27,20,19,35",,3,3,,,,,10,10,,,FALSE
Hieroglyph1,0,0,0,Basic,,-0.6,-3.4,,Eye,"22,43,15,36,31,50,52",,6,6,-10,-10,,,5,5,-2,-2,FALSE
Hieroglyph2,0,0,0,Basic,,0,-2.3,,Brow,"6,21,4,2,8",,3,3,-10,-10,,,1,1,-1,-1,FALSE
Hieroglyph2,0,0,0,Basic,,0,-2.3,,Eye,"4,1,33,19,11,10",,3,3,-8,-8,,,1,1,,,FALSE
Hieroglyph2,0,0,0,Basic,,0,-2.3,,Nose,"10,2,7,0,1",,,,1,1,,,,,,,FALSE
Hieroglyph2,0,0,0,Basic,,0,-2.3,,Mouth,"21,22,9,17,15",,,,10,10,,,1,1,-3,-3,FALSE
IceQueen0,0,0,0,Basic,,-0.5,-0.5,,Brow,"8,20,18",,3,3,-10,-10,-1,2,-1,-1,,,FALSE
IceQueen1,0,0,0,Basic,,-0.5,-0.5,,Brow,"8,20,18",,3,3,-10,-10,-1,2,-1,-1,,,FALSE
IceQueen1,0,0,0,Basic,,-0.5,-0.5,,Eye,"4,20,19,40,35,24,30,42,45,29,59,53,54,58","0,2,3,4,5",0,3,-2,-2,-1,1,10,10,,,FALSE
IceQueen1,0,0,0,Basic,,-0.5,-0.5,,Mouth,"19,8,6,9,2,15,18,30,25,26,35",1,,,-2,-2,,,3,3,,,FALSE
IceQueen1_Boss,0,0,0,Basic,,-0.5,-0.5,,Brow,"8,20,18",,3,3,-10,-10,-1,2,-1,-1,,,FALSE
IceQueen1_Boss,0,0,0,Basic,,-0.5,-0.5,,Eye,"4,20,19,40,35,24,30,42,45,29,59,53,54,58","0,2,3,4,5",0,3,-2,-2,-1,1,10,10,,,FALSE
IceQueen1_Boss,0,0,0,Basic,,-0.5,-0.5,,Mouth,"19,8,6,9,2,15,18,30,25,26,35",1,,,-2,-2,,,3,3,,,FALSE
IceQueen2,0,0,0,Basic,,-0.3,-0.4,,Eye,"0,39,15,27,19,35,36,30,46,7,44,38,42,45,29,43,22,10,50,55,51,52","1,2,3,4,5",-1,3,-3,6,-1,1,10,10,1,3,FALSE
IceQueen3,0,0,0,Basic,,-0.3,-0.4,,Eye,"0,39,15,27,19,35,36,30,46,7,44,38,42,45,29,43,22,10,50,55,51,52","1,2,3,4,5",-1,3,-3,6,-1,1,10,10,1,3,FALSE
IronBall0,0,0,0,Basic,,-0.2,-0.6,,OneEye,"39,33,19,46,7,3,43,51",,-5,-5,,,,,10,10,,,FALSE
IronBall1,0,0,0,Basic,,-0.2,3.9,,OneEye,"39,1,15,27,33,11,19,46,22,56,50,51",,-5,-5,,,,,0,10,,,FALSE
IronBall2,0,0,0,Basic,,-0.2,-0.6,,OneEye,"39,33,19,46,7,3,43,51",,-5,-5,,,,,10,10,,,FALSE
Lizardman0,0,0,1,Basic,,-0.5,0,,Eye,"39,17,16,15,9,31,44,55","1,2,3,4,5",10,10,0,0,-3,-1,1,4,,,FALSE
Lizardman1,0,0,1,Basic,,-0.1,-0.9,,Brow,"6,12,1,21,4,2,14,20,15,22,18","1,2,3,4,5",8,8,-2,-2,1,1,4,4,-1,-1,FALSE
Lizardman1,0,0,1,Basic,,-0.1,-0.9,,Eye,"0,27,36,6,43,22,46,56","1,2,3,4,5",10,10,-1,-1,1,1,5,10,,,FALSE
Lizardman2,0,0,1,Basic,,-0.1,-0.9,,Brow,"6,12,1,21,4,2,14,20,15,22,18","1,2,3,4,5",8,8,-2,-2,1,1,4,4,-1,-1,FALSE
Lizardman3,0,0,1,Basic,,-0.1,-0.9,,Brow,"6,12,1,21,4,2,14,20,15,22,18","1,2,3,4,5",8,8,-2,-2,1,1,4,4,-1,-1,FALSE
Lizardman4,0,0,1,Basic,,-0.1,-0.9,,Brow,"6,12,1,21,4,2,14,20,15,22,18","1,2,3,4,5",8,8,-2,-2,1,1,4,4,-1,-1,FALSE
Medusa0,0,0,0,Basic,,0,0.7,,Eye,"0,35,30,24,10,42,59,45","1,2,3,4,5",5,5,-6,-6,,,1,1,,,FALSE
Medusa0,0,0,0,Basic,,0,0.7,,Mouth,"1,13,4,11,27,24","0,1,2",,,3,3,,,2,2,,,FALSE
Medusa1,0,0,0,Basic,,-0.2,0.4,,Eye,"0,35,30,24,10,42,59,45","1,2,3,4,5",5,5,-8,-8,,,2,2,,,FALSE
Medusa1,0,0,0,Basic,,-0.2,0.4,,Nose,"7,2,0,4,11,16,12",,,,3,3,,,-1,-1,,,FALSE
Medusa1,0,0,0,Basic,,-0.2,0.4,,Mouth,"21,22,16,6,15,3,30,25,24","0,1,2",,,5,5,,,,,,,FALSE
Medusa2,0,0,0,Basic,,-0.2,0.4,,Nose,"7,2,0,4,11,16,12",,,,3,3,,,-1,-1,,,FALSE
Mimit0,0,0,0,Basic,,-0.2,2.2,-1,Eye,"39,33,19,46,7,3,43,51",,-5,-5,,,,,6,6,,,FALSE
Mimit1,0,0,0,Basic,,-0.2,2.2,-1,Eye,"39,33,19,46,7,3,43,51",,-5,-5,,,,,6,6,,,FALSE
Mimit2,0,0,0,Basic,,-0.2,2.2,,Brow,"6,12,4,1,2,22",,-6,-6,-1,-1,,,6,6,,,FALSE
Mimit2,0,0,0,Basic,,-0.2,2.2,,Eye,"39,33,19,46,7,3,43,51",,-5,-5,,,,,6,6,,,FALSE
Mimit3,0,0,0,Basic,,-0.2,2.2,,Brow,"6,12,4,1,2,22",,-6,-6,-1,-1,,,6,6,,,FALSE
Mimit3,0,0,0,Basic,,-0.2,2.2,,Eye,"39,33,19,46,7,3,43,51",,-5,-5,,,,,6,6,,,FALSE
Mimit4,0,0,0,Basic,,-0.2,2.2,-1,Eye,"39,33,19,46,7,3,43,51",,-5,-5,,,,,6,6,,,FALSE
Mimit5,0,0,0,Basic,,0,2.2,-1,OneEye,"39,33,19,46,7,3,43,51",,-5,-5,,,,,6,6,,,FALSE
Mimit6,0,0,0,Basic,,-0.2,2.2,-1,Eye,"39,33,19,46,7,3,43,51,50,56",,0,0,,,,,3,3,,,FALSE
Mimit7,0,0,0,Basic,,-0.2,2.2,-1,Eye,"39,33,19,46,7,3,43,51",,-5,-5,,,,,6,6,,,FALSE
Mimit8,0,0,0,Basic,,-0.2,2.2,,Brow,"6,12,4,1,2,22",,-6,-6,-1,-1,,,6,6,,,FALSE
Mimit8,0,0,0,Basic,,-0.2,2.2,,Eye,"39,33,19,46,7,3,43,51",,-5,-5,,,,,6,6,,,FALSE
Minotaur0,0,0,0,Basic,,-0.2,3,,OneEye,"17,15,44,55,43",2,,,,,,,10,10,,,FALSE
Minotaur0_Boss,0,0,0,Basic,,-0.2,3,,OneEye,43,2,,,,,,,10,10,,,FALSE
Minotaur1,0,0,0,Basic,,-0.2,1.8,,Eye,"27,36,44,43,55,51",2,,,,,,,10,10,,,FALSE
Minotaur2,0,0,0,Basic,,-0.2,1.8,,Eye,"27,36,44,43,55,51",2,,,,,,,10,10,,,FALSE
Minotaur3,0,0,0,Basic,,0.1,3,,OneEye,"15,7,3,43,52",2,,,,,,,10,10,,,FALSE
Mole0,0,0,0,Basic,,-0.2,-6.4,,Eye,"0,23,34,35,24,38,48,56,52",,0,2,,,2,2,2,2,,1,FALSE
Mole1,0,0,0,Basic,,0,5.5,,Mouth,"21,22,9,17,15,14,24,25,34,33",,,,-2,-2,,,10,10,,,FALSE
Mole1,0,0,0,Basic,,0,5.5,,Glass,"6,7,8",,0,0,-8,-8,,,0,0,,,FALSE
Mole2,0,0,0,Basic,,-0.1,-1.5,,Brow,"8,13,2",,0,2,-7,-7,,,0,0,,,FALSE
Mole2,0,0,0,Basic,,-0.1,-1.5,,Eye,"4,33,11,19,12,46,28,18,10,1,26,57,25",,0,2,-5,-5,,,2,5,,,FALSE
Mole2,0,0,0,Basic,,-0.1,-1.5,,Mouth,"19,21,22,6,17,15,14,18,15,3,25,26,33,34",,,,-2,-2,,,10,10,,,FALSE
Monitor0,0,0,0,Basic,,0.3,-3.3,,Eye,"15,19,46,3,28,51,11,1,16,18,41,13,5",,7,9,-1,1,-1,1,5,10,0,0,FALSE
Monitor1,0,0,0,Basic,,0.3,-3.3,,Eye,"15,19,46,3,28,51,11,1,16,18,41,13,5",,7,9,-1,1,-1,1,5,10,0,0,FALSE
Monitor1,0,0,0,Basic,,0.3,-3.3,,Nose,"2,11,12,1,8",,,,0,0,-2,2,2,2,0,0,FALSE
Monitor2,0,0,0,Basic,,,-0.4,,Eye,"15,19,46,3,28,51,11,1,16,18,41,13,5",,-2,4,-10,-5,-1,1,0,3,0,0,FALSE
Monitor2,0,0,0,Basic,,,-0.4,,Nose,"2,11,12,1,8",,1,1,2,2,-2,-2,0,0,0,0,FALSE
Monitor2,0,0,0,Basic,,,-0.4,,Mouth,"21,22,9,17,15,14,24,25,34,33",,1,1,3,3,-2,-2,0,0,0,0,FALSE
Monitor3,0,0,0,Basic,,0,-2.4,,Eye,"46,56,35,0",5,3,3,5,5,,,6,6,,,FALSE
Monitor3,0,0,0,Basic,,0,-2.4,,Glass,"6,7,8",0,,,2,2,2,2,4,4,,,FALSE
Monitor3,0,0,0,Basic,,0,-2.4,,Mouth,"14,34",,,,,,,,3,3,,,FALSE
Monitor4,0,0,0,Basic,,0.3,-3.3,,Eye,"15,19,46,3,28,51,11,1,16,18,41,13,5",,7,9,-1,1,-1,1,5,10,0,0,FALSE
Monitor5,0,0,0,Basic,,0.3,-3.3,,Eye,"15,19,46,3,28,51,11,1,16,18,41,13,5",,7,9,-1,1,-1,1,5,10,0,0,FALSE
Mouse0,0,0,0,Basic,,-0.3,3,,Eye,"4,1,33,19,11,10","1,2,3,4,5",,,,,,,,,,,FALSE
Mouse1,0,0,0,Basic,,-0.3,3,,Brow,8,2,2,2,-3,-3,-2,-2,-1,-1,,,FALSE
Mouse1,0,0,0,Basic,,-0.3,3,,Eye,"4,1,33,19,11,10","1,2,3,4,5",,,,,,,,,,,FALSE
Mouse2,0,0,0,Basic,,-0.3,3,,Brow,8,2,2,2,-3,-3,-2,-2,-1,-1,,,FALSE
Mouse3,0,0,0,Basic,,-0.3,3,,Brow,8,2,2,2,-3,-3,-2,-2,-1,-1,,,FALSE
Mouse4,0,0,0,Basic,,-0.3,3,,Brow,8,2,2,2,-3,-3,-2,-2,-1,-1,,,FALSE
Mouse5,0,0,0,Basic,,-0.3,3,,Brow,8,2,2,2,-3,-3,-2,-2,-1,-1,,,FALSE
Mouse6,0,0,0,Basic,,-0.3,3,,Brow,8,2,2,2,-3,-3,-2,-2,-1,-1,,,FALSE
Mummy0,0,0,0,Basic,,,-2,,Eye,"52,56,0,35,38",,1,1,,,-2,-2,2,2,0,0,FALSE
Mummy1,0,0,0,Basic,,,-2,,Brow,"12,8,5,2,20,13,22,18",,1,1,1,1,0,0,2,2,-1,-1,FALSE
Mummy1,0,0,0,Basic,,,-2,,Eye,"52,56,0,35,38",,1,1,,,-2,-2,2,2,0,0,FALSE
Mummy2,0,0,0,Basic,,1.2,0,,Brow,"12,8,5,2,20,13,22,18",,2,2,-10,-10,0,0,1,1,-1,-1,FALSE
Mummy2,0,0,0,Basic,,1.2,0,,Eye,"52,56,0,35,38",,2,2,-8,-8,-2,-2,2,2,0,0,FALSE
Mummy2,0,0,0,Basic,,1.2,0,,Nose,"7,2,4,9,8,6,16,12",,,,12,12,-2,-2,2,2,0,0,FALSE
Mural0,0,0,0,Basic,,,,,OneEye,"0,39,15,27,20,19,35,36,30,46,7,44,38,42,45,29,43,22,10,50,55,51,52",,-10,6,-5,8,-3,3,0,3,0,2,FALSE
Mural1,0,0,0,Basic,,,,,OneEye,"0,39,15,27,20,19,35,36,30,46,7,44,38,42,45,29,43,22,10,50,55,51,52",,-10,6,-5,8,-3,3,0,3,0,2,FALSE
Mushroom0,0,0,0,Basic,,-0.2,-1,,Eye,"15,39,36,46,3,43,50,56,52",,-3,2,-10,-4,-2,2,0,4,,,FALSE
Mushroom0,0,0,0,Basic,,-0.2,-1,,Mouth,14,,,,10,10,,,2,2,0,0,FALSE
Mushroom1,0,0,0,Basic,,-0.9,-4.2,,Eye,"20,0,40,35,24,30,42,45,29,10,59,58",,-2,5,-9,-6,-3,3,1,5,,,FALSE
Mushroom1,0,0,0,Basic,,-0.9,-4.2,,Mouth,24,,,,2,2,,,6,6,2,2,FALSE
Mushroom2,0,0,0,Basic,,-0.3,-0.8,,Brow,"6,12,1,8,4,2,22,20,18,13","0,4",0,3,-10,-10,-1,-1,0,0,0,0,FALSE
Mushroom2,0,0,0,Basic,,-0.3,-0.8,,Eye,"42,45,10,0,35,59",,-2,3,-3,-2,-2,1,0,2,,,FALSE
Mushroom2,0,0,0,Basic,,-0.3,-0.8,,Mouth,24,,,,5,5,,,1,1,0,0,FALSE
Nose0,0,0,0,Basic,,-0.3,-3.5,,Eye,"0,28,46,7,3,10,52,51,6,27","1,2,3,4,5",,,,,,,10,10,,,FALSE
Nose1,0,0,0,Basic,,-0.3,-1.2,,Eye,"0,15,19,46,7,22,43,36,50","1,2,3,4,5",,,,,,,4,10,,,FALSE
Nose1,0,0,0,Basic,,-0.3,-1.2,,Glass,"1,2,3,4",0,,,,,,,10,10,,,FALSE
Nose2,0,0,0,Basic,,-0.3,-4.1,,Brow,"6,12,5,19,4,11,2,18,20,22,14","6,7",,,,,,,6,6,,,FALSE
Nose2,0,0,0,Basic,,-0.3,-4.1,,Glass,"6,8","0,1,4,5",,,2,2,,,5,5,,,FALSE
Owl0,0,0,0,Basic,,-0.5,1.2,,Eye,"39,17,16,9,25,7,44,45,50,51","0,1,2,4,5",-3,4,0,0,-3,-2,7,10,0,1,FALSE
Owl1,0,0,0,Basic,,-0.5,1.2,,Eye,"39,17,16,9,25,7,44,45,50,51","0,1,2,4,5",-3,4,0,0,-3,-2,7,10,0,1,FALSE
Owl2,0,0,0,Basic,,-0.3,2.1,,Brow,"12,5,21,4,2,14,20,11",4,0,2,-2,-2,0,0,10,10,-1,-1,FALSE
Owl2,0,0,0,Basic,,-0.3,2.1,,Eye,"0,39,15,27,20,19,35,36,30,46,7,44,38,42,45,29,43,22,10,50,55,51,52","0,1,2,4,5",-2,4,4,4,0,0,7,10,0,0,FALSE
Owl3,0,0,0,Basic,,-0.3,2.1,,Eye,"0,39,15,27,20,19,35,36,30,46,7,44,38,42,45,29,43,22,10,50,55,51,52","0,1,2,4,5",-2,4,4,4,0,0,7,10,0,0,FALSE
Owl4,0,0,0,Basic,,-0.3,2.1,,Eye,"0,39,15,27,20,19,35,36,30,46,7,44,38,42,45,29,43,22,10,50,55,51,52","0,1,2,4,5",-2,4,4,4,0,0,7,10,0,0,FALSE
Owl5,0,0,0,Basic,,-0.3,2.1,,Eye,"0,39,15,27,20,19,35,36,30,46,7,44,38,42,45,29,43,22,10,50,55,51,52","0,1,2,4,5",-2,4,4,4,0,0,7,10,0,0,FALSE
Owl6,0,0,0,Basic,,-0.3,2.1,,Eye,"0,39,15,27,20,19,35,36,30,46,7,44,38,42,45,29,43,22,10,50,55,51,52","0,1,2,4,5",-2,4,4,4,0,0,7,10,0,0,FALSE
Painting0,0,0,0,Random,,0.3,-0.4,,Eye,"0,17,39,15,35,36,28,46,30,24,44,29,3,43,22,10,55,52,56","1,2,3,4,5",,,,,,,,,,,FALSE
Painting1,0,0,0,Random,,0.3,-0.4,,Eye,"0,17,39,15,35,36,28,46,30,24,44,29,3,43,22,10,55,52,56","1,2,3,4,5",,,,,,,,,,,FALSE
Painting2,0,0,0,Random,,0.3,-0.4,,Eye,"0,17,39,15,35,36,28,46,30,24,44,29,3,43,22,10,55,52,56","1,2,3,4,5",,,,,,,,,,,FALSE
Painting3,0,0,0,Random,,0.5,-1.1,,Brow,"12,5,21,4,2,14,20,11",,,,,,,,,,,,FALSE
Painting3,0,0,0,Random,,0.3,-0.4,,Eye,"0,17,39,15,35,36,28,46,30,24,44,29,3,43,22,10,55,52,56","1,2,3,4,5",,,,,,,,,,,FALSE
Painting3,0,0,0,Random,,0.3,-0.4,,Nose,"1,2,3,4,5,6,7,8,9,10,11,12,13,14,15,16",,,,,,,,,,,,FALSE
Painting4,0,0,0,Random,,0.3,-0.4,,Eye,"0,17,39,15,35,36,28,46,30,24,44,29,3,43,22,10,55,52,56","1,2,3,4,5",,,,,,,,,,,FALSE
Painting5,0,0,0,Random,,0.3,-0.4,,Eye,"0,17,39,15,35,36,28,46,30,24,44,29,3,43,22,10,55,52,56","1,2,3,4,5",,,,,,,,,,,FALSE
Painting6,0,0,0,Random,,0.3,-0.4,,Eye,"0,17,39,15,35,36,28,46,30,24,44,29,3,43,22,10,55,52,56","1,2,3,4,5",,,,,,,,,,,FALSE
Painting7,0,0,0,Random,,0.3,-0.4,,Eye,"0,17,39,15,35,36,28,46,30,24,44,29,3,43,22,10,55,52,56","1,2,3,4,5",,,,,,,,,,,FALSE
Penguin0,0,0,0,Basic,,-0.1,3.3,,Eye,"4,33,19,28,46,10,3",,,,,,,,,,,,FALSE
Penguin1,0,0,0,Basic,,1.2,1,,Mouth,"14,22,6,34,24,33",,,,,,,,10,10,,,FALSE
Penguin2,0,0,0,Basic,,-0.1,3.3,,Brow,"12,5,21,4,2,14,20,11",,,,,,,,,,,,FALSE
Penguin2,0,0,0,Basic,,-0.1,3.3,,Eye,"4,33,19,28,46,10,3",,,,,,,,,,,,FALSE
Pharaoh0,0,0,0,Basic,,0.1,-2.9,,Eye,"0,35,36,46,42,29,38,50,56,51",,-1,3,1,6,-1,1,-1,2,,,FALSE
Pharaoh1,0,0,0,Basic,,0.1,-2.9,,Eye,"0,35,36,46,42,29,38,50,56,51",,-1,3,1,6,-1,1,-1,2,,,FALSE
Pharaoh2,0,0,0,Basic,,0.1,-2.9,,Brow,"11,16,18,13,22,8","0,1,2,5",1,1,-3,-3,,,,,1,1,FALSE
Pharaoh2,0,0,0,Basic,,0.1,-2.9,,Eye,"0,35,36,46,42,29,38,50,56,51",,-1,3,1,6,-1,1,-1,2,,,FALSE
Pharaoh2,0,0,0,Basic,,0.1,-2.9,,Mustache,1,"0,1,2,5",,,,,,,,,,,FALSE
Pharaoh2_Boss,0,0,0,Basic,,0.1,-2.9,,Brow,"11,16,18,13,22,8","0,1,2,5",1,1,-3,-3,,,,,1,1,FALSE
Pharaoh2_Boss,0,0,0,Basic,,0.1,-2.9,,Eye,"0,35,36,46,42,29,38,50,56,51",,-1,3,1,6,-1,1,-1,2,,,FALSE
Pharaoh2_Boss,0,0,0,Basic,,0.1,-2.9,,Mustache,1,"0,1,2,5",,,,,,,,,,,FALSE
Puppet0,0,0,0,Basic,,0.1,-5,,Eye,"4,0,39,15,27,33,19,36,28,46,7,44,22,3,50",,,,,,,,10,10,,,FALSE
Puppet1,0,0,0,Basic,,0.2,-4.5,,Eye,"0,17,30,36,24,7,44,43,22,42,55,56,50",,,,,,,,2,2,,,FALSE
Puppet1,0,0,0,Basic,,0.2,-4.5,,Brow,"6,12,4,2,20,18,22",0,,,-1,-1,,,,,,,FALSE
Puppet2,0,0,0,Basic,,0.2,-4.5,,Eye,"0,17,30,36,24,7,44,43,22,42,55,56,50",,,,,,,,2,2,,,FALSE
Robot0,0,0,0,Basic,,,,,Brow,"6,12,4,18,22,11,13,2,8",,,,-3,,-2,2,1,4,2,2,FALSE
Robot1,0,0,0,Basic,,,,,Brow,"6,12,4,18,22,11,13,2,8",,,,-3,,-2,2,1,4,2,2,FALSE
Robot2,0,0,0,Basic,,-0.2,,,Brow,"6,12,4,18,22,11,13,2,8","4,7",,,,,-2,2,1,4,,,FALSE
Robot2,0,0,0,Basic,,-0.2,,,Mouth,"22,6,17,14,34",,,,-1,-1,,,5,5,,,FALSE
Robot3,0,0,0,Basic,,0.6,0.6,,Brow,"6,12,4,18,22,11",,-1,2,-2,-2,-1,1,-1,2,,,FALSE
Robot3,0,0,0,Basic,,0.6,0.6,,Eye,"15,27,36,46,43,44,22,51,50,55",,-1,2,-1,4,-1,1,-1,2,,,FALSE
Robot3,0,0,0,Basic,,0.6,0.6,,Nose,"10,2,6,0,9,12,16,11",,-1,2,-1,4,-1,1,-1,2,,,FALSE
Robot3_Boss,0,0,0,Basic,,0.6,0.6,,Brow,"6,12,4,18,22,11",,-1,2,-2,-2,-1,1,-1,2,,,FALSE
Robot3_Boss,0,0,0,Basic,,0.6,0.6,,Eye,"15,27,36,46,43,44,22,51,50,55",,-1,2,-1,4,-1,1,-1,2,,,FALSE
Robot3_Boss,0,0,0,Basic,,0.6,0.6,,Nose,"10,2,6,0,9,12,16,11",,-1,2,-1,4,-1,1,-1,2,,,FALSE
Robot4,0,0,0,Basic,,,3,,OneEye,"15,7,38,3,43,56,51,52",,,,,,,,10,10,,,FALSE
Robot5,0,0,0,Basic,,,3,,OneEye,"15,7,38,3,43,56,51,52",,,,,,,,10,10,,,FALSE
Rock0,0,0,2,Basic,,0.6,-0.8,,Nose,"1,2,3,4,5,6,7,8,9,10,11,12,13,14,15,16",,,,,,,,3,3,,,FALSE
Rock1,0,0,0,Basic,,-0.1,0.9,,Eye,"15,36,6,43,22,50,55,44",,2,5,4,5,1,1,10,10,,,FALSE
Rock2,0,0,0,Basic,,-0.1,0.9,,Brow,"6,12,4,18,22,11",,0,3,1,1,0,0,4,4,1,1,FALSE
Rock2,0,0,0,Basic,,-0.1,0.9,,Eye,"15,36,6,43,22,50,55,44",,2,5,4,5,1,1,10,10,,,FALSE
Rock3,0,0,0,Basic,,0.2,-2.2,,Brow,"6,12,4,18,22,11",,2,2,-6,-6,0,0,4,4,1,1,FALSE
Rock3,0,0,0,Basic,,0.2,-2.2,,Eye,"17,39,0,15,19,36,6,46,3,43,22,44,52,55",,2,2,-2,-2,1,1,10,10,,,FALSE
Rock3,0,0,0,Basic,,0.2,-2.2,,Mouth,"22,6,17,14,26,34,21,3,25,33",,,,10,10,,,10,10,,,FALSE
Rock4,0,0,0,Basic,,-0.1,0.9,,Eye,"15,36,6,43,22,50,55,44",,2,5,4,5,1,1,10,10,,,FALSE
Rock5,0,0,0,Basic,,-0.1,0.9,,Eye,"15,36,6,43,22,50,55,44",,2,5,4,5,1,1,10,10,,,FALSE
Rock6,0,0,0,Basic,,-0.1,0.9,,Eye,"15,36,6,43,22,50,55,44",,2,5,4,5,1,1,10,10,,,FALSE
Satan0,0,0,0,None,Anger,,-2.9,1,All,,,,,,,,,,,,,FALSE
Satan1,0,0,0,None,Anger,,-2.9,,All,,,,,,,,,,,,,FALSE
Satan2,0,0,0,Basic,Anger,,-0.1,,Eye,"15,27,36,7,44,43,22,55,56,3",,,,,,2,2,10,10,4,4,FALSE
SatanDemo0,0,0,0,None,Anger,,-2.9,,All,,,,,,,,,,,,,FALSE
Satan3,0,0,0,Basic,,0,0.4,,Brow,"6,12,4,5,2,20,22,18,13","1,2,3,5,6",,,,,,,,,,,FALSE
Satan3,0,0,0,Basic,,0,0.4,,Eye,"39,36,7,44,43,22,50,55,51,21,31",,-1,1,,,-2,-2,,,,,FALSE
Satan3,0,0,0,Basic,,0,0.4,,Mustache,1,"1,2,3,5,6",,,,,-2,-2,,,,,FALSE
Satan3_Boss,0,0,0,Basic,,0,0.4,,Brow,"6,12,4,5,2,20,22,18,13","1,2,3,5,6",,,,,,,,,,,FALSE
Satan3_Boss,0,0,0,Basic,,0,0.4,,Eye,"39,36,7,44,43,22,50,55,51,21,31",,-1,1,,,-2,-2,,,,,FALSE
Satan3_Boss,0,0,0,Basic,,0,0.4,,Mustache,1,"1,2,3,5,6",,,,,-2,-2,,,,,FALSE
Scorpion0,0,0,0,Basic,,0.6,-0.2,,Eye,"39,15,17,21,25,31,7,29,43,10,50,51",,,2,,,-2,-2,1,1,,,FALSE
Scorpion1,0,0,0,Basic,,0.5,1.9,,Eye,"36,44,43,22,50,55","1,2,3,4,5",,,,,,,,,,,FALSE
Scorpion1,0,0,0,Basic,,0.5,1.9,,Brow,"6,12,4,18,22,11",0,,,,,,,,,,,FALSE
Scorpion2,0,0,0,Basic,,-0.2,-2.5,,Eye,"36,44,43,22,50,55","1,2,3,4,5",-2,0,-10,-10,0,1,10,10,,,FALSE
Scorpion2,0,0,0,Basic,,-0.2,-2.5,,Mouth,"14,34",,,,,,,,2,2,,,FALSE
Serpent0,0,0,0,Basic,,-0.2,-4.1,,Eye,"36,44,43,22,50,55","1,2,3,4,5",-2,-2,-10,-10,,,5,5,,,FALSE
Serpent0,0,0,0,Basic,,-0.2,-4.1,,Mouth,"14,34,24",,,,,,,,9,9,,,FALSE
Serpent1,0,0,0,Basic,,-0.2,-4.1,,Mouth,"14,34,24",,,,,,,,9,9,,,FALSE
Serpent2,0,0,0,Basic,,0,-1.6,,Brow,"6,12,4,18,22,11","1,2,3,4,5",-1,-1,-7,-7,1,1,0,0,,,FALSE
Serpent2,0,0,0,Basic,,0,-1.6,,Eye,"36,44,43,22,50,55","1,2,3,4,5",-1,-1,-6,-6,,,1,1,,,FALSE
Serpent2,0,0,0,Basic,,0,-1.6,,Nose,"1,6,9,11,16,7",,,,4,4,,,0,0,,,FALSE
Serpent2,0,0,0,Basic,,0,-1.6,,Mouth,"14,34,24",,,,7,7,,,0,0,,,FALSE
Serpent2_Boss,0,0,0,Basic,,0,-1.6,,Brow,"6,12,4,18,22,11","1,2,3,4,5",-1,-1,-7,-7,1,1,0,0,,,FALSE
Serpent2_Boss,0,0,0,Basic,,0,-1.6,,Eye,"36,44,43,22,50,55","1,2,3,4,5",-1,-1,-6,-6,,,1,1,,,FALSE
Serpent2_Boss,0,0,0,Basic,,0,-1.6,,Nose,"1,6,9,11,16,7",,,,4,4,,,0,0,,,FALSE
Serpent2_Boss,0,0,0,Basic,,0,-1.6,,Mouth,"14,34,24",,,,7,7,,,0,0,,,FALSE
Shield0,0,0,0,Basic,,,-1.8,,Eye,"0,39,15,27,20,19,35,36,30,46,7,44,38,42,45,29,43,22,50,55,51,52",,-3,4,-6,6,-2,2,0,6,,1,FALSE
Shield1,0,0,0,Basic,,,-1.8,,Eye,"0,39,15,27,20,19,35,36,30,46,7,44,38,42,45,29,43,22,50,55,51,52",,-3,4,-6,6,-2,2,0,6,,1,FALSE
Shield2,0,0,0,Basic,,0.4,-4.6,,Brow,"6,12,4,18,22,11",,,2,-10,-10,,1,5,6,,,FALSE
Shield2,0,0,0,Basic,,0.4,-4.6,,Eye,"0,39,15,27,20,19,35,36,30,46,7,44,38,42,45,29,43,22,10,50,55,51,52",,-3,7,-4,8,-1,1,5,8,,,FALSE
Shield3,0,0,0,Basic,,,-1.8,,Eye,"0,39,15,27,20,19,35,36,30,46,7,44,38,42,45,29,43,22,50,55,51,52",,-3,4,-6,6,-2,2,0,6,,1,FALSE
Shield4,0,0,0,Basic,,,-1.8,,Eye,"0,39,15,27,20,19,35,36,30,46,7,44,38,42,45,29,43,22,50,55,51,52",,-3,4,-6,6,-2,2,0,6,,1,FALSE
Skeleton0,0,0,0,Basic,,-0.2,2.2,,Eye,"39,33,19,46,7,3,43,51",,-5,-5,,,,,6,6,,,FALSE
Skeleton1,0,0,0,Basic,,0,3.3,,OneEye,"2,15,38,43,50,52,51,9,44,3",,-5,-5,,,,,10,10,-1,-1,FALSE
Skeleton2,0,0,0,Basic,,-0.2,3.1,,Brow,"6,12,4,11,2,14,20,22,18",,-6,-6,-1,-1,,,6,6,,,FALSE
Skeleton2,0,0,0,Basic,,-0.2,3.1,,Eye,"39,33,19,46,7,3,43,51",,-5,1,3,5,0,2,3,6,,,FALSE
Slime0,0,0,0,Basic,,-0.3,2.4,-1,OneEye,"0,39,15,27,33,35,46,28,31,7,44,42,45,43,22,3,55,52",,,,,,,,10,10,,,FALSE
Slime1,0,0,0,Basic,,-0.3,2.4,-1,OneEye,"0,39,15,27,33,35,46,28,31,7,44,42,45,43,22,3,55,52",,,,,,,,10,10,,,FALSE
Slime1,1,0,0,Basic,,0.7,-2,-1,Nose,"1,2,6,7,8,9,11,12,13,16",,,,,,,,10,10,,,FALSE
Slime1,2,0,0,Basic,,0.9,1.4,-1,Mouth,"21,22,9,17,15,14,24,25,34,33,32",,,,,,,,10,10,,,FALSE
Slime2,0,0,0,Basic,,-0.3,0.8,-1,Eye,"15,4,0,11,33,36,46,28,45,7,44,38,3,43,51,52,56,50,1,41,23",,-3,0,-2,7,-2,2,6,7,,,FALSE
Slime3,0,0,0,Basic,,-0.1,0.7,-1,OneEye,"15,7,44,38,3,43,51,52,56,50,9,2,3,18,13,34",,,,,,,,10,10,,,FALSE
Slime3,0,0,0,Basic,,-0.1,0.7,-1,Mouth,"21,22,9,17,15,14,24,25,34,33,3,12,28,31",,,,-3,-3,,,10,10,,,FALSE
Slime4,0,0,0,Basic,,-0.1,0.7,-1,Mouth,"21,22,9,17,15,14,24,25,34,33,3,12,28,31",,,,-3,-3,,,10,10,,,FALSE
Slime5,0,0,0,Basic,,0.2,0.3,,Eye,"15,11,33,28,46,18,7,44,3,45,50,51,52",,3,3,0,0,3,3,2,2,,,FALSE
Slime5,0,0,0,Basic,,0.2,0.3,,Mouth,"21,22,13,6,2,9,17,11,14,18,25,28,34,33,32,31",,,,2,2,,,,,,,FALSE
Slime6,0,0,0,Basic,,-0.1,0.7,-1,Mouth,"21,22,9,17,15,14,24,25,34,33,3,12,28,31",,,,-3,-3,,,10,10,,,FALSE
Slime7,0,0,0,Basic,,-0.1,0.7,-1,Mouth,"21,22,9,17,15,14,24,25,34,33,3,12,28,31",,,,-3,-3,,,10,10,,,FALSE
Slime8,0,0,0,Basic,,-0.1,0.7,-1,Mouth,"21,22,9,17,15,14,24,25,34,33,3,12,28,31",,,,-3,-3,,,10,10,,,FALSE
Snail0,0,0,0,Basic,,,,,Eye,"1,2,3,4,5,7,9,10,11,12,13,14,15,16,52",,,,,,,,,,,,FALSE
Snail1,0,0,0,Basic,,,3.4,,Brow,"0,1,21,20,15,22","2,3,4,5",,,,,,,2,2,,,FALSE
Snail1,0,0,0,Basic,,,3.4,,Eye,"39,15,36,7,44,45,56,51,52",,,,,,,,,,,,FALSE
Snail2,0,0,0,Basic,,-0.2,1.1,,Brow,"0,1,21,20,15,22","2,3,4,5",2,2,-7,-7,,,0,0,2,2,FALSE
Snail2,0,0,0,Basic,,-0.2,1.1,,Eye,"39,15,36,7,44,45,56,51,52",,1,1,-7,-7,,,1,1,,,FALSE
Snail2,0,0,0,Basic,,-0.2,1.1,,Mouth,"21,22,9,17,15,14,24,25,34,33",,,,-2,-2,,,2,2,,,FALSE
Snowman0,0,0,0,Basic,,0.7,1.9,,Mouth,"21,22,9,17,15,14,24,25,34,33",,,,,,,,,,,,FALSE
Snowman1,0,0,0,Basic,,0.6,-1,,Eye,"39,15,36,7,44,45,56,51,52",,-4,0,-5,1,,,,,,,FALSE
Snowman1,0,0,0,Basic,,0.6,-1,,Mouth,"21,22,9,17,15,14,24,25,34,33",,,,5,5,,,2,2,,,FALSE
Snowman2,0,0,0,Basic,,0.6,-1,,Eye,"39,15,36,7,44,45,56,51,52",,-4,0,-5,1,,,,,,,FALSE
Spider0,0,0,0,Basic,,-0.1,,,OneEye,"2,15,36,24,38,43,50,52,51",,,,,,,,4,4,-6,-6,FALSE
Spider1,0,0,0,Basic,,-0.1,,,OneEye,"2,15,36,24,38,43,50,52,51",,,,,,,,4,4,-6,-6,FALSE
Spider2,0,0,0,Basic,,-0.1,1,,OneEye,"15,36,30,43,50,17,33,3,7",,,,,,5,5,9,9,,,FALSE
Spider3,0,0,0,Basic,,-0.1,,,OneEye,"2,15,36,24,38,43,50,52,51",,,,,,,,4,4,-6,-6,FALSE
Spider4,0,0,0,Basic,,-0.1,,,OneEye,"2,15,36,24,38,43,50,52,51",,,,,,,,4,4,-6,-6,FALSE
SuperSatan0,0,0,0,Basic,,0,1.8,1,OneEye,"15,7,38,3,43,56,51,52",,,,,,,,10,10,,,FALSE
SuperSatanDemo0,0,0,0,None,Anger,0,-2.7,,All,,,,,,,,,,,,,FALSE
SuperSatanBit0,0,0,0,None,,0,-3.2,0,All,,,,,,,,,,,,,FALSE
SuperSatanBit1,0,0,0,Basic,,-0.1,2.5,0,OneEye,"15,7,38,3,43,56,51,52",,,,,,,,10,10,,,FALSE
SuperSatanCenter0,0,0,0,None,,0,-2.7,2,All,,,,,,,,,,,,,FALSE
SuperSatanCenter0,0,0,1,None,,0,-2.7,-1,All,,,,,,,,,,,,,FALSE
SuperSatanCenterDemo0,0,0,0,None,,0,-2.7,2,All,,,,,,,,,,,,,FALSE
SuperSatanCenterDemo1,0,0,0,None,,0,-2.7,2,All,,,,,,,,,,,,,FALSE
SuperSatanCenter1,0,0,0,Basic,,,,2,OneEye,"15,7,38,3,43,56,51,52",,,,,,,,10,10,,,FALSE
SuperSatanCenter1,0,0,0,Basic,,,,2,Mouth,"21,22,9,17,15,14,24,25,34,33",,,,,,,,10,10,,,FALSE
SuperSatanCenter1,0,0,1,Basic,,,,-1,OneEye,"15,7,38,3,43,56,51,52",,,,,,,,10,10,,,FALSE
SuperSatanCenter1,0,0,1,Basic,,,,-1,Mouth,"21,22,9,17,15,14,24,25,34,33",,,,,,,,10,10,,,FALSE
SuperSatanLeft0,0,0,0,Basic,,0.1,0.7,,Eye,43,4,1,1,-3,-3,,,10,10,,,FALSE
SuperSatanLeft0,0,0,0,Basic,,0.1,0.7,,Mouth,22,,,,2,2,,,1,1,,,FALSE
SuperSatanRight0,0,0,0,Basic,,0,1.7,,Eye,55,5,1,1,-8,-8,,,10,10,,,FALSE
SuperSatanRight0,0,0,0,Basic,,0,1.7,,Mouth,14,,,,,,,,2,2,,,FALSE
Sword0,0,0,0,Basic,,0.6,-0.1,,Mouth,"21,22,9,17,15,14,24,25,34,33",,,,,,,,10,10,,,FALSE
Sword1,0,0,0,Basic,,0.6,-0.1,,Mouth,"21,22,9,17,15,14,24,25,34,33",,,,,,,,10,10,,,FALSE
Sword2,0,0,0,Basic,,0.6,3.3,,Nose,"1,2,3,4,5,6,7,8,9,10,11,12,13,14,15,16",,,,,,,,,,,,FALSE
Sword2,0,0,0,Basic,,0.6,3.3,,Mouth,"21,22,9,17,15,14,24,25,34,33",,,,,,,,,,,,FALSE
Sword3,0,0,0,Basic,,0.6,-0.1,,Mouth,"21,22,9,17,15,14,24,25,34,33",,,,,,,,10,10,,,FALSE
Tadpole0,0,0,0,Basic,,2,-1.7,,Mouth,"21,22,9,17,15,14,24,25,34,33",,,,,,,,10,10,,,FALSE
Tadpole1,0,0,0,Basic,,2,-1.7,,Mouth,"21,22,9,17,15,14,24,25,34,33",,,,,,,,10,10,,,FALSE
Tadpole2,0,0,0,Basic,,1.3,-1.7,,Nose,"1,10,2,3,6,0,8,4,9,7,11,16,12",,,,-2,-2,,,3,3,,,FALSE
Tadpole2,0,0,0,Basic,,1.3,-1.7,,Mouth,"19,21,22,10,16,6,13,9,17,3,15,18,14,30,25,28,26,35,33",,,,10,10,,,3,3,,,FALSE
Tadpole3,0,0,0,Basic,,0.8,-3,,Glass,"6,7,8",,,,,,,,10,10,,,FALSE
Tadpole3,0,0,0,Basic,,0.8,-3,,Mouth,"19,21,22,10,16,6,13,9,17,3,15,18,14,30,25,28,26,35,33",,,,,,,,10,10,,,FALSE
Tomato0,0,0,0,Basic,,1.4,-0.8,,Mouth,"21,22,9,17,15,14,24,25,34,33",,,,,,,,10,10,,,FALSE
Tomato0,0,0,0,Basic,,1.4,-0.8,,Mouth,"21,22,9,17,15,14,24,25,34,33",,,,,,,,10,10,,,FALSE
Tomato0,0,0,0,Basic,,1.4,-0.8,,Mouth,"21,22,9,17,15,14,24,25,34,33",,,,,,,,10,10,,,FALSE
Tomato1,0,0,0,Basic,,1.4,-0.8,,Mouth,"21,22,9,17,15,14,24,25,34,33",,,,,,,,10,10,,,FALSE
Tomato2,0,0,0,Basic,,1.4,-0.8,,Mouth,"21,22,9,17,15,14,24,25,34,33",,,,,,,,10,10,,,FALSE
Turkey0,0,0,0,Basic,,-0.3,-4.8,,Mouth,"21,22,9,17,15,14,24,25,34,33",,,,5,5,,,10,10,,,FALSE
Turkey1,0,0,0,Basic,,-0.3,-4.8,,Eye,"1,2,3,4,5,6,7,9,10,11,12,13,14,15,16",,3,3,-10,-10,,,10,10,,,FALSE
Turkey1,0,0,0,Basic,,-0.3,-4.8,,Mouth,"21,22,9,17,15,14,24,25,34,33",,,,5,5,,,10,10,,,FALSE
Turkey2,0,0,0,Basic,,0.1,-4.8,,Brow,"12,8,5,2,20,13,22,18","0,1,2,3",3,5,-10,-10,-1,1,0,4,-1,2,FALSE
Turkey2,0,0,0,Basic,,0.1,-4.8,,Eye,"1,2,3,4,5,6,7,9,10,11,12,13,14,15,16",,3,5,-6,-6,,,10,10,,,FALSE
Turkey2,0,0,0,Basic,,0.1,-4.8,,Mouth,"21,22,9,17,15,14,24,25,34,33",,,,7,7,,,10,10,,,FALSE
Ufo0,0,0,0,Basic,,-0.3,-1.4,,Eye,"15,36,22,7,44,50,56,55,51,52","1,2,3,4,5",-2,5,-4,4,,,10,10,,,FALSE
Ufo1,0,0,0,Basic,,-0.3,-1.4,,Eye,"15,36,22,7,44,50,56,55,51,52","1,2,3,4,5",-2,5,-4,4,,,10,10,,,FALSE
Ufo2,0,0,1,Basic,,-0.5,-1.1,,Eye,"17,27,36,43,22,55,56,52,46,16","1,2,3,4,5",-2,8,-6,-1,-2,2,0,4,-1,2,FALSE
Ufo2,0,0,1,Basic,,-0.5,-1.1,,Nose,"10,2,3,0,5,4,7,13",,,,,,,,2,2,,,FALSE
Ufo3,0,0,0,Basic,,-0.3,-1.4,,Eye,"15,36,22,7,44,50,56,55,51,52","1,2,3,4,5",-2,5,-4,4,,,10,10,,,FALSE
Ufo4,0,0,0,Basic,,-0.3,-1.4,,Eye,"15,36,22,7,44,50,56,55,51,52","1,2,3,4,5",-2,5,-4,4,,,10,10,,,FALSE
Ufo5,0,0,0,Basic,,-0.3,-1.4,,Eye,"15,36,22,7,44,50,56,55,51,52","1,2,3,4,5",-2,5,-4,4,,,10,10,,,FALSE
Wind0,0,0,0,Basic,,-0.4,3.5,,Eye,"17,5,41,36,31,44,43,22,50,55,51",,-2,1,,2,,,,,,,FALSE
Wind1,0,0,0,Basic,,0.4,1.1,,Nose,"1,6,9,11,16",,,,,,,,,,,,FALSE
Wind2,0,0,0,Basic,,-0.4,3.5,,Brow,"6,12,9,4,2,22,11,18",,,,-3,-1,,,,,,,FALSE
Wind2,0,0,0,Basic,,-0.4,3.5,,Eye,"17,5,41,36,31,44,43,22,50,55,51",,-2,1,,2,,,,,,,FALSE
Wind3,0,0,0,Basic,,-0.4,3.5,,Eye,"17,5,41,36,31,44,43,22,50,55,51",,-2,1,,2,,,,,,,FALSE
Wind4,0,0,0,Basic,,-0.4,3.5,,Eye,"17,5,41,36,31,44,43,22,50,55,51",,-2,1,,2,,,,,,,FALSE
Yeti0,0,0,0,Basic,,,,,Eye,"36,43,44,50,55",,,,5,5,2,2,8,8,,,FALSE
Yeti1,0,0,0,Basic,,,,,Brow,"12,8,5,2,20,13,22,18",,,,-2,-2,,,,,2,2,FALSE
Yeti1,0,0,0,Basic,,,,,Eye,"39,15,36,44,3,43,22,50,56,55,45",,-2,,0,5,-1,1,1,4,,,FALSE
Goblin10,0,0,0,Basic,,,-9,,Eye,"0,39,15,27,20,19,35,36,30,46,7,44,38,42,45,29,43,22,10,50,55,51,52","0,1,2,4,5",-3,4,0,0,-1,2,7,10,-2,0,TRUE
Goblin11,0,0,0,Basic,,,-9,,Eye,"0,39,15,27,20,19,35,36,30,46,7,44,38,42,45,29,43,22,10,50,55,51,52","0,1,2,4,5",-3,4,0,0,-1,2,7,10,-2,0,TRUE
Golem10,0,0,0,Basic,,0.6,-0.8,,Eye,"23,34,21,25,48,41",,1,4,-2,10,-2,-2,2,6,,,FALSE
Pharaoh10,0,0,0,Basic,,0.1,-2.9,,Brow,"11,16,18,13,22,8","0,1,2,5",1,1,-3,-3,,,,,1,1,FALSE
Pharaoh10,0,0,0,Basic,,0.1,-2.9,,Eye,"0,35,36,46,42,29,38,50,56,51",,-1,3,1,6,-1,1,-1,2,,,FALSE
Pharaoh10,0,0,0,Basic,,0.1,-2.9,,Mustache,1,"0,1,2,5",,,,,,,,,,,FALSE
Serpent10,0,0,0,Basic,,0,-1.6,,Brow,"6,12,4,18,22,11","1,2,3,4,5",-1,-1,-7,-7,1,1,0,0,,,FALSE
Serpent10,0,0,0,Basic,,0,-1.6,,Eye,"36,44,43,22,50,55","1,2,3,4,5",-1,-1,-6,-6,,,1,1,,,FALSE
Serpent10,0,0,0,Basic,,0,-1.6,,Nose,"1,6,9,11,16,7",,,,4,4,,,0,0,,,FALSE
Serpent10,0,0,0,Basic,,0,-1.6,,Mouth,"14,34,24",,,,7,7,,,0,0,,,FALSE
Burger10,0,0,0,Basic,,0.8,1.4,,Brow,"12,5,4","0,1,2,3",4,4,-8,-8,0,0,6,6,-2,-2,FALSE
Burger10,0,0,0,Basic,,0.8,1.4,,Eye,"17,15,41,44,55,43","2,3,4,5",4,4,-4,-4,2,2,10,10,,,FALSE
Burger10,0,0,0,Basic,,0.8,1.4,,Nose,"8,6,9,11,16",,4,4,10,10,2,2,6,6,,,FALSE
Devil10,0,0,0,Basic,Spite,-0.8,-0.1,,Brow,22,4,1,1,-2,-2,,,3,3,,,FALSE
Devil10,0,0,0,Basic,Spite,-0.8,-0.1,,Eye,43,,1,1,,,,,3,3,,,FALSE
IceQueen10,0,0,0,Basic,,-0.3,-0.4,,Eye,"0,39,15,27,19,35,36,30,46,7,44,38,42,45,29,43,22,10,50,55,51,52","1,2,3,4,5",-1,3,-3,6,-1,1,10,10,1,3,FALSE
Satan10,0,0,0,Basic,Anger,,-0.1,,Eye,"15,27,36,7,44,43,22,55,56,3",,,,,,2,2,10,10,4,4,FALSE
SuperSatan10,0,0,0,Basic,,0,1.8,1,OneEye,"15,7,38,3,43,56,51,52",,,,,,,,10,10,,,FALSE
Mimit10,0,0,0,Basic,,-0.2,2.2,1,Eye,"39,33,19,46,7,3,43,51",,-5,-5,,,,,6,6,,,FALSE
Mimit11,0,0,0,Basic,,-0.2,2.2,-1,Eye,"39,33,19,46,7,3,43,51",,-5,-5,,,,,6,6,,,FALSE